date,open,high,low,close,volume,ret1,fwd_ret1,rsi14,macd,macd_hist,bb_pctb,dev25,stoch_k,stoch_d,adx,roc10,ma_gap_5_25,ma_gap_25_75,us_ret,jpy_ret,fut_premium,nikkei_vi,nikkei_vi_chg,vix,vix_chg,dow,key
2021-09-03,28626.48047,29149.65039,28607.86914,29128.10938,74900000,,0.01826,50.00000,0.00000,0.00000,,,,,,,,,0.28426,0.03635,1.60289,,,16.41000,,4,
2021-09-06,29501.22070,29705.03906,29469.34961,29659.89062,68300000,0.01826,0.00864,50.00000,42.42130,33.93704,,,,,100.00000,,,,-0.03350,-0.13715,-0.21878,,,16.41000,0.00000,0,
2021-09-07,29883.91992,30048.23047,29838.42969,29916.14062,75200000,0.00864,0.00886,50.00000,95.61552,69.70501,,,,,100.00000,,,,-0.03350,-0.16463,0.16332,,,16.41000,0.00000,1,
2021-09-08,29819.55078,30241.86914,29787.13086,30181.21094,82500000,0.00886,-0.00573,50.00000,157.34747,105.14957,,,,,100.00000,,,,-0.33956,0.05102,-0.73294,,,18.14000,10.54235,2,
2021-09-09,29959.21094,30097.56055,29909.91992,30008.18945,78800000,-0.00573,0.01245,97.37884,190.11755,110.33572,,,,,100.00000,,,,-0.13186,0.43343,0.40592,,,17.96000,-0.99228,3,
2021-09-10,30089.44922,30381.83984,30064.01953,30381.83984,88800000,0.01245,0.00216,97.52944,243.43240,130.92045,,,,,100.00000,,,,-0.46056,-0.07071,-0.13771,,,18.80000,4.67706,4,
2021-09-13,30372.01953,30447.36914,30229.00977,30447.36914,64600000,0.00216,0.00732,97.55596,287.65654,140.11568,,,,,100.00000,,,,-0.77226,-0.39649,-0.12273,,,20.95000,11.43618,0,
2021-09-14,30584.76953,30795.77930,30504.81055,30670.09961,79100000,0.00732,-0.00516,97.64837,336.79462,151.40301,,,,,100.00000,,,,0.22765,0.12206,-0.11444,,,19.37000,-7.54177,1,
2021-09-15,30464.16992,30573.41016,30347.30078,30511.71094,68600000,-0.00516,-0.00617,94.90048,358.82001,138.74271,,,87.01645,,98.44757,,,,-0.57466,0.07188,-0.12032,,,19.46000,0.46463,2,
2021-09-16,30606.15039,30622.39062,30202.50977,30323.33984,69900000,-0.00617,0.00583,91.59906,356.96050,109.50656,,,64.38262,,95.76924,,,,0.84740,-0.25002,-0.10995,,,18.18000,-6.57759,3,
2021-09-17,30387.53906,30541.99023,30358.92969,30500.05078,97900000,0.00583,-0.02165,91.88429,365.53229,94.46268,,,70.68071,74.02660,93.28222,4.71003,,,-0.15511,-0.30624,-0.09853,,,18.69000,2.80528,4,
2021-09-21,30021.25000,30051.00000,29832.51953,29839.71094,76300000,-0.02165,-0.00671,80.83905,315.40578,35.46894,,,5.21292,46.75875,87.63250,0.60627,,,-1.69773,0.24795,-0.08281,,,25.71000,37.56018,1,
2021-09-22,29744.73047,29868.09961,29573.88086,29639.40039,69000000,-0.00671,0.02056,77.78450,256.55932,-18.70201,,,5.36211,27.08525,81.44656,-0.92505,,,-0.08124,-0.48559,-0.08232,,,24.36000,-5.25087,2,
2021-09-24,30141.60938,30276.38086,30110.30078,30248.81055,84600000,0.02056,-0.00029,80.23179,256.14471,-15.29330,,,55.23615,21.93706,76.88823,0.22398,,,1.21347,0.61659,-0.06219,,,18.63000,-23.52217,4,
2021-09-27,30277.82031,30414.60938,30197.40039,30240.06055,74600000,-0.00029,-0.00186,80.09535,252.20284,-15.38814,,,54.52005,38.37277,73.02668,0.77269,,,0.14610,0.45892,-0.04980,,,17.75000,-4.72356,0,
2021-09-28,30142.38086,30207.63086,30001.99023,30183.96094,89800000,-0.00186,-0.02119,79.16586,241.76519,-20.66063,,,49.92887,53.22836,68.67213,-0.65131,,,-0.27764,0.39701,-0.04625,,,18.76000,5.69014,1,
2021-09-29,29611.91992,29679.25977,29329.16016,29544.28906,94700000,-0.02119,-0.00310,69.29165,179.80443,-66.09711,,,16.63500,40.36131,64.86847,-2.96604,,,-2.03641,0.18056,-0.04836,,,23.25000,23.93390,2,
2021-09-30,29569.18945,29622.26953,29311.33984,29452.66016,99000000,-0.00310,-0.02314,67.98359,121.90119,-99.20028,,,10.77916,25.78101,61.37846,-3.96947,,,0.15692,0.50828,-0.04298,,,22.56000,-2.96774,3,
2021-10-01,29235.10938,29393.66992,28680.73047,28771.07031,82200000,-0.02314,-0.01134,59.05327,20.77438,-160.26167,,,4.85369,10.75595,59.39354,-5.70483,,,-1.19097,0.36582,-0.03848,,,23.14000,2.57092,4,
2021-10-04,29044.47070,29046.06055,28343.58008,28444.89062,76400000,-0.01134,-0.02189,55.30892,-84.71281,-212.59909,-0.12175,,4.89180,6.84155,58.06060,-6.19473,,,1.14915,-0.42435,-0.01719,,,21.10000,-8.81590,0,
2021-10-05,28050.39062,28058.66992,27460.28906,27822.11914,88200000,-0.02189,-0.01054,48.92978,-216.07385,-275.16810,-0.19472,,12.24749,7.33099,57.80846,-8.78009,,,-1.29859,-0.46115,0.63935,,,22.96000,8.81516,1,
2021-10-06,28033.91016,28209.82031,27293.61914,27528.86914,100200000,-0.01054,0.00542,46.22614,-339.92283,-319.21367,-0.12350,,7.53767,8.22565,57.72105,-7.74418,,,1.05245,0.01893,-0.01405,,,21.30000,-7.22996,2,
2021-10-07,27665.97070,28015.10938,27607.97070,27678.21094,79600000,0.00542,0.01339,47.80779,-421.16843,-320.36742,0.00884,,12.32275,10.70264,57.63987,-6.61683,,,0.41028,0.46770,0.00646,,,21.00000,-1.40845,3,
2021-10-08,28031.36914,28321.34961,28018.89062,28048.93945,82700000,0.01339,0.01602,51.61257,-450.44897,-279.71837,0.14655,,25.92029,15.26024,56.58241,-7.27259,,,0.82983,-0.06637,-0.17448,,,19.54000,-6.95238,4,
2021-10-11,27977.57031,28581.35938,27893.32031,28498.19922,72300000,0.01602,-0.00939,55.81610,-432.41786,-209.34980,0.27661,-3.41809,50.49294,29.57866,54.84223,-5.76011,-5.39367,,-0.19137,0.22349,-0.16913,,,18.77000,-3.94064,0,
2021-10-12,28458.88086,28468.88086,28166.38086,28230.60938,66300000,-0.00939,-0.00320,52.87000,-434.70928,-169.31298,0.24057,-4.20841,40.23748,38.88357,53.22635,-6.47149,-5.00121,,-0.68658,0.54450,-0.16156,,,20.00000,6.55301,1,
2021-10-13,28085.43945,28364.99023,27993.46094,28140.27930,63900000,-0.00320,0.01459,51.87461,-438.75641,-138.68809,0.24594,-4.31757,40.31618,43.68220,51.98836,-4.75222,-4.38909,,-0.24168,0.99582,-0.16091,,,19.85000,-0.75000,2,
2021-10-14,28264.41016,28576.67969,28234.00977,28550.92969,64800000,0.01459,0.01813,55.93613,-404.16874,-83.28033,0.36200,-2.74069,71.74622,50.76663,50.19129,-3.06163,-3.61664,,0.30225,0.11553,-0.14336,,,18.64000,-6.09572,3,
2021-10-15,28787.25977,29082.34961,28726.22070,29068.63086,66300000,0.01813,-0.00149,60.46592,-331.16612,-8.22217,0.50804,-0.82679,99.23305,70.43182,47.19568,1.03424,-2.77452,,1.70631,-0.19203,-0.15010,,,16.86000,-9.54935,4,
2021-10-18,29093.82031,29144.33008,28924.40039,29025.46094,62600000,-0.00149,0.00655,59.91282,-273.64012,39.44306,0.51439,-0.84108,93.57711,88.18546,44.26737,2.04104,-2.28371,,0.74602,0.47043,-0.12217,,,16.30000,-3.32148,0,
2021-10-19,29117.27930,29272.49023,29075.36914,29215.51953,57600000,0.00655,0.00137,61.57911,-210.29012,82.23445,0.59058,-0.03247,96.57735,96.46250,41.24082,5.00825,-1.45370,,0.33748,0.43045,-0.12158,,,16.31000,0.06135,1,
2021-10-20,29385.94922,29489.10938,29222.32031,29255.55078,66100000,0.00137,-0.01870,61.93797,-155.06708,109.96599,0.61410,0.26807,85.36407,91.83951,38.65964,6.27226,-0.52821,,0.73933,-0.03411,-0.12152,,,15.70000,-3.74003,2,
2021-10-21,29152.74023,29220.82031,28688.77930,28708.58008,59100000,-0.01870,0.00335,54.45382,-153.66701,89.09285,0.46144,-1.34127,51.08819,77.67654,36.69080,3.72267,-0.15164,,0.36640,0.22575,-0.11697,,,15.49000,-1.33758,3,
2021-10-22,28578.52930,28989.50000,28546.57031,28804.84961,60200000,0.00335,-0.00710,55.47361,-143.13928,79.69647,0.51497,-0.77763,54.24996,63.56741,35.13164,2.69497,-0.09854,,0.29959,-0.13445,-0.10363,,,15.01000,-3.09877,4,
2021-10-25,28527.13086,28668.69922,28472.55078,28600.41016,62700000,-0.00710,0.01768,52.77140,-149.56840,58.61388,0.47013,-1.24741,40.58101,48.63972,33.82492,0.35866,-0.15434,,-0.10726,-0.47120,-0.08885,,,15.43000,2.79814,0,
2021-10-26,28927.60938,29160.75977,28893.94922,29106.00977,72800000,0.01768,-0.00027,58.19501,-112.56824,76.49122,0.71192,0.69221,69.47656,54.76918,31.42294,3.10089,-0.03750,,0.47482,-0.16337,-0.08936,,,15.24000,-1.23137,1,
2021-10-27,29056.00977,29139.22070,28870.25000,29098.24023,70600000,-0.00027,-0.00956,58.08462,-82.91648,84.91439,0.72987,0.76872,61.54977,57.20244,29.24480,3.40423,-0.04379,,0.18198,0.08886,-0.07987,,,15.98000,4.85564,2,
2021-10-28,28871.60938,28895.10938,28693.06055,28820.08984,142800000,-0.00956,0.00252,54.12632,-80.92876,69.52169,0.62316,-0.08113,34.18780,55.07138,27.61678,0.94274,0.14711,,-0.50516,0.37182,-0.06971,,,16.98000,6.25782,3,
2021-10-29,28819.16016,29000.65039,28475.06055,28892.68945,104500000,0.00252,0.02611,54.98852,-72.65774,62.23416,0.65508,0.35932,41.32951,45.68903,26.56468,-0.60526,0.39683,,0.98293,-0.36081,-0.06122,,,16.53000,-2.65017,4,
2021-11-01,29330.67969,29666.83008,29267.63086,29647.08008,76700000,0.02611,-0.00426,62.81046,-5.17028,103.77730,0.95218,3.06462,98.34628,57.95453,25.23509,2.14163,1.20734,,0.19493,-0.14063,-0.05761,,,16.26000,-1.63340,0,
2021-11-02,29462.40039,29599.57031,29457.17969,29520.90039,71100000,-0.00426,0.00926,60.90406,37.69781,117.31632,0.85844,2.72068,87.78094,75.81891,24.00047,1.04527,1.58947,,0.18001,0.54570,-0.05386,,,16.41000,0.92251,1,
2021-11-04,29859.74023,29880.81055,29718.77930,29794.36914,90400000,0.00926,-0.00614,63.49044,92.66949,137.83040,0.94996,3.63617,93.86183,93.32968,23.39902,1.84176,2.03840,,0.64613,-0.11570,-0.03145,,,15.10000,-7.98293,3,
2021-11-05,29840.73047,29840.73047,29504.07031,29611.57031,73500000,-0.00614,-0.00353,60.60431,120.10017,132.20886,0.84842,2.97756,80.88135,87.50804,22.31382,3.14537,2.56634,,0.41819,0.09477,-0.03907,,,15.44000,2.25165,4,
2021-11-08,29735.44922,29735.44922,29507.05078,29507.05078,68300000,-0.00353,-0.00751,58.95414,131.88503,115.19498,0.77395,2.50913,73.41207,82.71842,21.30614,2.43779,2.88830,,0.37328,-0.20426,-0.02390,,,16.48000,6.73575,0,
2021-11-09,29557.55078,29750.46094,29240.31055,29285.46094,65000000,-0.00751,-0.00610,55.50362,121.93854,84.19879,0.63500,1.62062,57.64897,70.64747,19.84877,2.39525,2.51730,,0.08878,-0.31800,-0.01865,,,17.22000,4.49029,1,
2021-11-10,29209.06055,29296.88086,29079.76953,29106.77930,63900000,-0.00610,0.00588,52.81904,98.50229,48.61003,0.51155,0.82082,44.93820,58.66641,18.86174,0.00264,2.04793,,-0.34988,-0.19476,-0.00611,,,17.78000,3.25204,2,
2021-11-11,29046.18945,29336.02930,29040.08008,29277.85938,60600000,0.00588,0.01134,55.06029,92.66544,34.21854,0.59659,1.16825,57.10822,53.23180,18.03642,0.61729,1.44429,,-0.82258,-0.30197,0.00731,,,18.73000,5.34308,3,
2021-11-12,29381.44922,29661.22070,29381.44922,29609.97070,68400000,0.01134,0.00563,59.12005,113.52960,44.06616,0.81235,2.04338,67.78518,56.61053,17.04677,2.74073,1.17305,,0.05509,0.87944,0.33782,,,17.66000,-5.71276,4,
2021-11-15,29807.36914,29861.88086,29718.21094,29776.80078,60400000,0.00563,0.00105,61.02479,141.89076,57.94186,0.88671,2.37448,87.62864,70.84068,16.58240,3.05998,1.11812,,0.72227,0.12115,-0.19076,,,16.29000,-7.75764,0,
2021-11-16,29749.71094,29960.92969,29681.25000,29808.11914,62000000,0.00105,-0.00402,61.38850,164.99238,64.83479,0.86277,2.29787,83.40548,79.60643,16.36911,0.54319,1.29503,,-0.00107,-0.05436,0.05663,,,16.49000,1.22774,1,
2021-11-17,29906.67969,29909.97070,29623.78906,29688.33008,63900000,-0.00402,-0.00302,59.11617,171.65587,57.19862,0.75824,1.68329,70.39695,80.47702,16.00179,0.56716,1.49110,,0.38652,0.13248,-0.43226,,,16.37000,-0.72771,2,
2021-11-18,29597.92969,29715.94922,29402.57031,29598.66016,65400000,-0.00302,0.00497,57.40326,167.76720,42.64796,0.68524,1.17403,60.65921,71.48721,15.02823,-0.65687,1.50804,,-0.26016,0.67641,0.03831,,,17.11000,4.52046,3,
2021-11-19,29641.05078,29768.53906,29589.18945,29745.86914,65600000,0.00497,0.00095,59.47903,174.55181,39.54606,0.75737,1.51136,76.64542,69.23386,14.26349,0.45353,1.43522,,0.33848,-0.62139,-0.40634,,,17.59000,2.80537,4,
2021-11-22,29618.55078,29806.49023,29542.28906,29774.10938,58800000,0.00095,-0.01583,59.88291,180.13098,36.10018,0.75281,1.50998,79.71218,72.33894,13.41313,0.90507,1.33579,,-0.13987,0.08056,-0.33287,,,17.91000,1.81921,0,
2021-11-24,29663.44922,29758.05078,29212.92969,29302.66016,69500000,-0.01583,0.00671,50.78291,144.84086,0.64805,0.38064,-0.13510,28.51498,61.62419,13.19764,0.05873,0.95297,,0.16571,0.57124,0.53695,,,19.38000,8.20770,2,
2021-11-25,29469.65039,29570.41992,29444.44922,29499.27930,50700000,0.00671,-0.02535,53.92745,131.22602,-10.37343,0.52621,0.49611,38.28203,48.83640,12.99755,1.34848,0.78513,,0.22939,0.30577,-0.13315,,,18.58000,-4.12796,3,
2021-11-26,29324.47070,29332.99023,28605.60938,28751.61914,72900000,-0.02535,-0.01627,42.74394,59.42126,-65.74255,-0.03730,-1.98365,10.77308,25.85670,14.53369,-1.79740,0.27686,,0.22939,0.23189,-2.07508,,,18.58000,0.00000,4,
2021-11-29,28337.96094,28776.33984,28187.11914,28283.91992,85900000,-0.01627,-0.01634,37.50435,-34.82253,-127.98908,-0.22790,-3.52221,5.45722,18.17078,16.55094,-4.47839,-0.66239,,-2.27248,-0.29374,0.16292,,,28.62000,54.03660,0,
2021-11-30,28611.73047,28718.69922,27819.14062,27821.75977,140700000,-0.01634,0.00409,33.17657,-145.13090,-190.63796,-0.25253,-4.97119,0.12527,5.45186,18.86071,-6.56565,-1.86267,,1.32002,-1.17321,-0.52750,,,22.96000,-19.77639,1,
2021-12-01,27866.73047,28106.30078,27594.00977,27935.61914,80900000,0.00409,-0.00652,35.16165,-220.81812,-213.06014,-0.06495,-4.49554,15.44011,7.00753,21.24555,-6.28185,-2.70816,,-1.89613,0.07474,-1.84574,,,27.19000,18.42335,2,
2021-12-02,27716.19922,27938.55078,27644.96094,27753.36914,77400000,-0.00652,0.00995,33.44883,-292.13924,-227.50501,-0.03012,-4.94278,7.20275,7.58937,23.46004,-6.51758,-3.72384,,-1.18152,-0.44374,0.51032,,,31.12000,14.45384,3,
2021-12-03,27841.05078,28029.57031,27588.60938,28029.57031,71900000,0.00995,-0.00365,38.35019,-322.65525,-206.41682,0.12074,-3.85601,19.88208,14.17498,25.19111,-5.30122,-4.07801,,1.41944,-0.36805,-0.85471,,,27.95000,-10.18638,4,
2021-12-06,28069.96094,28081.03906,27693.91016,27927.36914,61700000,-0.00365,0.01891,37.25678,-351.03962,-187.84095,0.13217,-4.08909,15.61507,14.23330,26.60983,-6.11345,-4.20528,,-0.84486,0.12402,0.60024,,,30.67000,9.73166,0,
2021-12-07,28138.82031,28618.46094,27961.66016,28455.59961,78300000,0.01891,0.01423,45.85015,-327.13960,-131.15274,0.32721,-2.21628,43.74738,26.41484,26.19222,-4.42838,-3.71210,,1.17309,0.01769,1.26302,,,27.18000,-11.37920,1,
2021-12-08,28792.89062,28897.43945,28621.47070,28860.61914,72000000,0.01423,-0.00468,51.35189,-272.37717,-61.11225,0.46981,-0.71715,72.92042,44.09429,25.06604,-1.50854,-2.97149,,2.07071,0.36801,0.08448,,,21.89000,-19.46284,2,
2021-12-09,28827.32031,28908.28906,28725.47070,28725.47070,54400000,-0.00468,-0.01002,49.54303,-237.14919,-20.70741,0.43084,-1.07380,86.14676,67.60485,23.99214,-2.62314,-2.19561,,0.30853,0.05905,-0.34976,,,19.90000,-9.09091,3,
2021-12-10,28542.50000,28699.00977,28392.86914,28437.76953,63400000,-0.01002,0.00713,45.84117,-229.79688,-10.68409,0.34889,-1.88124,64.34593,74.47104,23.67288,-1.09159,-1.73082,,-0.71811,0.14005,-0.18556,,,21.58000,8.44221,4,
2021-12-13,28705.25977,28793.32031,28593.44922,28640.49023,53500000,0.00713,-0.00726,48.74717,-205.24631,11.09319,0.43138,-1.04917,79.70729,76.73333,23.10998,1.26068,-1.10618,,0.95491,-0.20759,-0.15883,,,18.69000,-13.39203,0,
2021-12-14,28554.85938,28672.96094,28309.66992,28432.64062,55200000,-0.00726,0.00095,46.02062,-200.25314,12.86909,0.37857,-1.62121,63.95728,69.33683,23.13971,2.19569,-0.97501,,-0.91362,0.04672,-0.14997,,,20.31000,8.66773,1,
2021-12-15,28358.47070,28525.83008,28358.47070,28459.72070,55900000,0.00095,0.02131,46.44094,-191.89879,16.97875,0.40707,-1.41484,66.00930,69.89129,23.16732,1.87611,-1.13946,,-0.74707,0.06696,-0.15714,,,21.89000,7.77942,2,
2021-12-16,28868.36914,29070.08008,28782.18945,29066.32031,60300000,0.02131,-0.01791,54.91062,-134.77677,59.28062,0.65521,0.69208,99.72679,76.56446,21.69625,4.73078,-0.89776,,1.63485,0.14615,-0.14216,,,19.29000,-11.87756,3,
2021-12-17,28854.59961,28904.93945,28503.08008,28545.67969,84400000,-0.01791,-0.02129,47.90797,-130.01971,51.23014,0.46766,-1.01110,52.68938,72.80849,20.92637,1.84130,-0.72227,,-0.87434,0.34552,-0.14251,,,20.57000,6.63556,4,
2021-12-20,28325.46094,28441.50977,27893.17969,27937.81055,65200000,-0.02129,0.02075,41.28760,-173.30195,6.35832,0.23082,-2.89380,3.79224,52.06947,21.27895,0.03739,-0.97994,,-1.02877,-0.41442,-0.13534,,,21.57000,4.86145,0,
2021-12-21,28309.59961,28533.74023,28226.42969,28517.58984,55800000,0.02075,0.00156,48.58549,-158.98739,16.53830,0.52556,-0.70477,53.05548,36.51236,21.36725,0.21785,-0.74713,,-1.13881,-0.12757,-0.11428,,,22.87000,6.02689,1,
2021-12-22,28614.06055,28673.76953,28473.84961,28562.21094,44700000,0.00156,0.00827,49.10977,-142.40094,26.49981,0.57497,-0.37653,56.84689,37.89820,21.08459,-1.03396,-0.50310,-1.49457,1.77779,0.12686,-0.11277,,,21.01000,-8.13293,2,down|low|pos
2021-12-23,28703.00977,28798.36914,28640.15039,28798.36914,43600000,0.00827,-0.00055,51.90505,-108.94422,47.96522,0.77155,0.57205,76.91300,62.27179,20.50009,0.25378,-0.56656,-1.60202,1.01802,0.29209,-0.11587,,,18.63000,-11.32794,3,down|high|pos
2021-12-24,28836.05078,28870.13086,28773.50000,28782.58984,35900000,-0.00055,-0.00369,51.70071,-82.74891,59.32842,0.75874,0.63167,75.57225,69.77738,19.76976,1.21254,-0.28742,-1.67467,0.62237,0.11141,-0.06111,,,17.96000,-3.59635,4,down|high|pos
2021-12-27,28786.33008,28805.27930,28658.82031,28676.46094,37500000,-0.00369,0.01369,50.26732,-69.74864,57.86296,0.67222,0.41078,66.55459,73.01328,19.33828,0.12559,0.37921,-1.76590,0.62237,0.29530,-0.09227,,,17.96000,0.00000,0,mid|high|pos
2021-12-28,28953.32031,29121.00977,28879.67969,29069.16016,47000000,0.01369,-0.00558,55.21510,-27.44194,80.13572,0.89335,1.88642,95.77713,79.30133,18.10548,2.23869,0.86507,-1.81282,1.38389,-0.10921,-0.08311,,,17.68000,-1.55901,1,mid|high|pos
2021-12-29,28995.73047,29106.27930,28729.60938,28906.88086,44700000,-0.00558,-0.00398,52.87411,-6.92831,80.51949,0.76009,1.37389,82.56038,81.63070,17.30921,1.57120,1.16281,-1.81768,-0.10102,0.40146,-0.07569,,,17.54000,-0.79185,2,mid|high|pos
2021-12-30,28794.24023,28904.41992,28579.49023,28791.71094,40400000,-0.00398,0.01772,51.21454,0.03525,69.98643,0.66448,1.07031,73.18042,83.83931,16.90834,-0.94477,1.25864,-1.84348,0.14019,-0.01655,-0.07541,,,16.95000,-3.36374,3,mid|high|pos
2022-01-04,29098.41016,29323.78906,28954.56055,29301.78906,66000000,0.01772,0.00104,57.56695,46.18061,92.90544,0.99729,2.78149,97.99519,84.57866,15.92528,2.64877,1.54472,-1.71592,0.63741,0.06865,-0.04023,,,16.60000,-2.06490,1,mid|high|pos
2022-01-05,29288.80078,29388.16016,29204.44922,29332.16016,78600000,0.00104,-0.02878,57.91831,84.23088,104.76456,0.98298,2.73692,93.87517,88.35026,15.16113,4.99091,1.85491,-1.51080,-0.06296,0.16154,-0.04146,,,16.91000,1.86747,2,mid|high|pos
2022-01-06,29136.75000,29158.94922,28487.86914,28487.86914,71600000,-0.02878,-0.00033,46.41293,45.73159,53.01222,0.32024,-0.31327,0.00000,63.95678,15.24475,-0.10422,1.35313,-1.32704,-1.93928,0.73356,-0.04517,,,19.73000,16.67652,3,mid|low|pos
2022-01-07,28711.52930,28813.08984,28293.69922,28478.56055,75200000,-0.00033,-0.00899,46.30372,14.30461,17.26819,0.32914,-0.42152,16.89063,36.92193,15.65954,-0.29287,0.97663,-1.16811,-0.09638,-0.03960,-0.03006,,,19.61000,-0.60821,4,mid|low|pos
2022-01-11,28380.90039,28473.47070,28089.49023,28222.48047,73700000,-0.00899,0.01925,43.28611,-30.90872,-22.35611,0.16582,-1.38164,10.24050,9.04371,16.38338,-1.99973,0.51260,-0.99937,-0.14410,-0.21318,-0.00879,,,19.40000,-1.07089,1,mid|low|neg
2022-01-12,28449.52930,28814.31055,28427.59961,28765.66016,72500000,0.01925,-0.00961,50.63496,-22.64947,-11.27748,0.55774,0.41310,52.06634,26.39916,16.18006,-0.05882,0.03500,-0.84839,0.91600,-0.29407,-0.00229,,,18.41000,-5.10309,2,mid|high|neg
2022-01-13,28658.22070,28660.44922,28444.96094,28489.13086,69900000,-0.00961,-0.01281,47.27637,-37.97974,-21.28621,0.35683,-0.63014,30.77307,31.02664,15.99126,-0.65325,-0.63150,-0.71792,0.28178,0.04598,0.00305,,,17.62000,-4.29114,3,down|low|neg
2022-01-14,28246.99023,28252.96094,27889.21094,28124.27930,82100000,-0.01281,0.00744,43.20450,-78.66279,-49.57541,0.11663,-1.85737,15.68221,32.84054,16.77681,-3.25046,-0.83930,-0.66637,-1.42436,-0.56880,-0.13966,,,20.31000,15.26673,4,down|low|neg
2022-01-17,28332.72070,28449.99023,28274.17969,28333.51953,54500000,0.00744,-0.00269,46.07309,-92.94901,-51.08930,0.27227,-1.05440,29.64134,25.36554,16.99766,-1.98348,-0.86759,-0.65191,0.08200,-0.48573,-0.87712,,,19.19000,-5.51452,0,down|low|neg
2022-01-18,28451.33984,28690.33984,28129.66016,28257.25000,71300000,-0.00269,-0.02796,45.17738,-109.16684,-53.84570,0.24543,-1.25617,24.55314,23.29223,16.61531,-1.85630,-0.77841,-0.62832,0.08200,0.16474,-0.11413,,,19.19000,0.00000,1,down|low|neg
2022-01-19,27928.89062,27958.16992,27314.41016,27467.23047,84300000,-0.02796,0.01113,37.12601,-183.65055,-102.66353,-0.13068,-3.88647,8.28501,20.82650,17.52496,-6.26091,-1.55232,-0.66761,-1.83879,0.23183,-0.11734,,,22.79000,18.75977,2,down|low|neg
2022-01-20,27401.42969,27882.52930,27217.58984,27772.92969,74000000,0.01113,-0.00903,41.47261,-215.52759,-107.63246,0.06289,-2.69861,34.78002,22.53939,18.49573,-5.31577,-1.93447,-0.71093,-0.96895,-0.01484,-0.10056,,,23.85000,4.65116,3,down|low|neg
2022-01-21,27404.35938,27586.41992,27129.60938,27522.25977,72700000,-0.00903,0.00240,39.08646,-258.04279,-120.11812,0.00953,-3.45365,23.30683,22.12395,19.51461,-3.38955,-2.23156,-0.78014,-1.10374,-0.18070,-0.09905,,,25.59000,7.29560,4,down|low|neg
2022-01-24,27258.44922,27627.59961,27203.33008,27588.36914,61000000,0.00240,-0.01657,40.06585,-283.13807,-116.17073,0.09726,-3.10327,27.23093,28.43926,20.34798,-3.12583,-2.63531,-0.86204,-1.89148,-0.30959,-0.08471,,,28.85000,12.73935,0,down|low|neg
2022-01-25,27466.82031,27493.75000,26890.93945,27131.33984,77000000,-0.01657,-0.00442,35.78255,-336.03116,-135.25105,-0.01324,-4.44872,13.36003,21.29926,21.55699,-3.86621,-3.16295,-1.09982,0.27717,-0.18246,-0.07865,,,29.90000,3.63951,1,down|low|neg
2022-01-26,27105.98047,27184.53906,26858.67969,27011.33008,60500000,-0.00442,-0.03114,34.73253,-383.21562,-145.94841,0.02149,-4.66530,8.33399,16.30832,22.72332,-6.09870,-3.27500,-1.28987,-1.21719,0.19862,-0.07897,,,31.16000,4.21405,2,down|low|neg
2022-01-27,27139.88086,27193.58984,26044.51953,26170.30078,88700000,-0.03114,0.02090,28.43513,-482.90703,-196.51185,-0.11999,-7.40260,4.75396,8.81599,24.73573,-8.13935,-4.16714,-1.46717,-0.14966,-0.11929,-0.07757,,,31.96000,2.56739,3,down|cold|neg
2022-01-28,26429.84961,26764.84961,26289.68945,26717.33984,76000000,0.02090,0.01065,36.49989,-511.87117,-180.38080,0.10190,-5.22556,25.42955,12.83917,26.60439,-5.00258,-4.49341,-1.65734,-0.53841,0.74292,-0.06490,,,30.49000,-4.59950,4,down|low|neg
2022-01-31,26690.59961,27134.57031,26541.65039,27001.98047,78300000,0.01065,0.00283,40.27157,-506.02422,-139.62708,0.21753,-4.00333,50.03322,26.73891,27.26864,-4.69952,-4.69844,-1.80672,2.43476,0.55003,-0.04437,,,27.66000,-9.28173,0,down|low|neg
2022-02-01,27167.14062,27410.78906,27016.71094,27078.48047,81100000,0.00283,0.01681,41.28103,-489.57405,-98.54152,0.26508,-3.49533,56.25438,43.90572,27.16684,-4.17156,-4.50246,-1.99433,1.88860,-0.07802,-0.04978,,,24.83000,-10.23138,1,down|low|neg
2022-02-02,27302.99023,27564.61914,27289.16016,27533.59961,85200000,0.01681,-0.01062,47.01802,-434.80075,-35.01458,0.42170,-1.69831,94.06221,66.78327,26.69021,0.24163,-3.95920,-2.14118,0.68630,-0.12233,-0.03123,,,21.96000,-11.55860,2,down|low|neg
2022-02-03,27330.96094,27357.33008,27165.92969,27241.31055,81100000,-0.01062,0.00729,44.04194,-410.24870,-8.37003,0.34418,-2.54211,75.59889,75.30516,26.44852,-1.91416,-2.99563,-2.28213,0.94225,-0.33443,-0.02317,,,22.09000,0.59199,3,down|low|neg
2022-02-04,27095.90039,27455.98047,27075.99023,27439.99023,79600000,0.00729,-0.00697,46.51992,-370.48848,25.11216,0.43307,-1.60191,91.80127,87.15412,25.96344,-0.29892,-2.25067,-2.43588,-2.43911,-0.30853,-0.01819,,,24.35000,10.23087,4,down|low|pos
2022-02-07,27327.63086,27369.67969,27085.32031,27248.86914,77100000,-0.00697,0.00131,44.47943,-350.36134,36.19143,0.37937,-2.05432,79.22833,82.20950,25.51300,-1.23059,-1.84016,-2.58718,0.51569,0.50270,-0.01420,,,23.22000,-4.64066,0,down|low|pos
2022-02-08,27318.30078,27461.33008,27280.25000,27284.51953,76600000,0.00131,0.01082,44.96436,-327.75559,47.03775,0.40946,-1.71319,81.57360,84.20107,24.83061,0.56459,-1.47854,-2.71057,-0.37017,0.23226,0.00176,,,22.86000,-1.55038,1,down|low|pos
2022-02-09,27488.65039,27633.09961,27405.88086,27579.86914,93500000,0.01082,0.00421,48.94303,-282.74878,73.63565,0.55923,-0.40213,96.03766,85.61320,23.71068,2.10482,-1.20007,-2.87591,0.84012,-0.13972,0.00047,,,21.44000,-6.21172,2,down|low|pos
2022-02-10,27818.09961,27880.69922,27575.07031,27696.08008,82900000,0.00421,-0.02226,50.46057,-234.99443,97.11200,0.64321,0.25447,86.21267,87.94131,22.01952,5.83019,-0.63678,-3.05954,1.45172,0.40673,-1.12319,,,19.96000,-6.90299,3,down|high|pos
2022-02-14,27305.91992,27325.50000,26947.65039,27079.58984,79800000,-0.02226,-0.00792,43.13591,-244.08076,70.42053,0.35388,-1.77683,14.14068,65.46367,21.77461,1.35586,-0.69521,-3.17905,-1.89695,0.38494,-0.09081,,,27.36000,37.07416,0,down|low|pos
2022-02-15,27183.56055,27205.19922,26724.91016,26865.18945,76200000,-0.00792,0.02216,40.91174,-265.52130,39.18399,0.25681,-2.32586,12.13710,37.49682,21.93252,-0.50660,-0.74120,-3.32715,-0.38406,-0.39897,2.15822,,,28.33000,3.54532,1,down|low|pos
2022-02-16,27269.05078,27486.08984,27227.24023,27460.40039,64100000,0.02216,-0.00829,48.80389,-231.81235,58.31436,0.64508,-0.05107,63.63533,29.97104,21.34797,1.41042,-0.50304,-3.35976,1.57667,-0.04153,-0.00146,,,25.70000,-9.28344,2,down|low|pos
2022-02-17,27431.41992,27438.74023,27080.91992,27232.86914,67800000,-0.00829,-0.00407,46.26024,-220.91111,55.37248,0.50003,-0.65754,43.94911,39.90718,21.07788,-1.09223,-0.53367,-3.49099,0.08812,0.08569,-1.29575,,,24.29000,-5.48638,3,down|low|pos
2022-02-18,26895.16016,27216.16016,26792.53906,27122.07031,63500000,-0.00407,-0.00779,45.02947,-218.69139,46.07376,0.44372,-0.86397,34.36269,47.31571,21.33279,-0.43772,-0.75448,-3.60667,-2.11731,-0.21447,-1.02157,,,28.11000,15.72663,4,down|low|pos
2022-02-21,26771.58008,26998.47070,26549.00000,26910.86914,52900000,-0.00779,-0.01714,42.69752,-231.30805,26.76568,0.31224,-1.46113,27.17349,35.16176,21.95946,-1.92828,-0.70166,-3.68801,-0.71662,-0.45153,-0.24477,,,27.75000,-1.28069,0,down|low|pos
2022-02-22,26515.44922,26550.14062,26243.73047,26449.60938,67300000,-0.01714,-0.01810,38.06154,-275.35255,-13.82306,0.04489,-2.88214,12.57684,24.70434,22.98613,-2.93319,-0.73209,-3.80914,-0.71662,0.08271,0.77654,,,27.75000,0.00000,1,down|low|neg
2022-02-24,26281.34961,26357.58008,25775.64062,25970.82031,93500000,-0.01810,0.01947,33.94190,-344.91643,-66.70955,-0.11440,-4.31885,9.27194,16.34075,24.52269,-4.81482,-1.49519,-3.97162,-1.84121,0.42492,1.11348,,,31.02000,11.78379,3,down|low|neg
2022-02-25,26213.19922,26481.59961,26160.18945,26476.50000,77600000,0.01947,0.00190,41.18281,-355.14826,-61.55310,0.19944,-2.31321,40.97516,20.94131,25.58515,-4.00063,-1.90930,-3.96152,1.49569,-0.17203,1.90169,,,30.32000,-2.25661,4,down|low|neg
2022-02-28,26457.51953,26644.56055,26262.63086,26526.82031,91100000,0.00190,0.01198,41.86570,-355.10322,-49.20645,0.19905,-1.94723,43.91710,31.38807,26.09800,-4.22175,-2.16862,-3.99822,2.23727,0.58573,0.46436,,,27.59000,-9.00396,0,down|low|neg
2022-03-01,26836.74023,27013.25977,26821.75000,26844.72070,74000000,0.01198,-0.01683,46.12163,-325.66159,-15.81186,0.37857,-0.67265,62.50288,49.13172,25.58910,-0.86733,-2.11947,-3.97343,-0.24426,0.01211,-1.56351,,,30.15000,9.27872,1,down|low|neg
2022-03-02,26532.19922,26585.30078,26313.72070,26393.02930,87700000,-0.01683,0.00698,41.47552,-334.91591,-20.05294,0.15127,-2.17086,37.12277,47.84758,25.88954,-1.75752,-1.98795,-4.01179,-1.54735,-0.43863,1.04941,,,33.32000,10.51410,2,down|low|neg
2022-03-03,26628.86914,26704.84961,26496.72070,26577.26953,74800000,0.00698,-0.02227,43.95548,-323.65251,-7.03164,0.27239,-1.40696,55.64860,51.75808,25.86500,-3.21602,-1.45742,-3.97541,1.86427,-0.21290,-0.77988,,,30.74000,-7.74310,3,down|low|neg
2022-03-04,26421.84961,26421.84961,25774.27930,25985.47070,93500000,-0.02227,-0.02940,38.33609,-358.34859,-33.38217,0.02638,-3.45538,17.04558,36.60565,26.77628,-4.58049,-1.67205,-3.97142,-0.52547,0.59739,-0.44437,,,30.48000,-0.84580,4,down|low|neg
2022-03-07,25634.08984,25640.41016,25006.25977,25221.41016,105400000,-0.02940,-0.01707,32.55022,-442.39908,-93.94613,-0.15479,-6.16179,10.72000,27.80473,28.35643,-7.00780,-2.50457,-3.90623,-0.79340,-0.03895,-0.75892,,,31.98000,4.92126,0,down|low|neg
2022-03-08,24974.34961,25291.33008,24767.33008,24790.94922,114700000,-0.01707,-0.00296,29.81964,-537.54778,-151.27586,-0.14444,-7.49815,1.05164,9.60574,30.01758,-7.87756,-3.75689,-3.95344,-2.95182,-0.45378,0.05668,,,36.45000,13.97749,1,down|cold|neg
2022-03-09,24876.49023,25084.08008,24681.74023,24717.52930,91500000,-0.00296,0.03936,29.36713,-611.82545,-180.44282,-0.04946,-7.45657,1.53501,4.43555,31.62946,-6.54860,-4.68225,-4.04752,-0.72338,0.36799,2.74085,,,35.13000,-3.62140,2,down|cold|neg
2022-03-10,25108.47070,25720.31055,25099.84961,25690.40039,95200000,0.03936,-0.02054,41.93983,-585.43988,-123.24580,0.26541,-3.61373,43.26192,15.28286,31.61705,-1.07975,-5.14917,-4.06327,2.56982,0.30250,-1.50017,,,32.45000,-7.62881,3,down|low|neg
2022-03-11,25495.02930,25503.65039,24966.50000,25162.77930,89600000,-0.02054,0.00577,37.99030,-600.18518,-110.39288,0.14736,-5.25619,20.63200,21.80964,31.75390,-4.96184,-5.43001,-4.20066,-0.42918,0.16159,-0.28923,,,30.23000,-6.84130,4,down|low|neg
2022-03-14,25338.64062,25631.00977,25299.64062,25307.84961,72600000,0.00577,0.00153,39.67249,-593.32548,-82.82655,0.21559,-4.43167,30.94788,31.61393,31.59264,-4.59524,-5.08854,-4.27531,-1.29615,0.23295,-0.32737,,,30.75000,1.72015,0,down|low|neg
2022-03-15,25228.52930,25441.66992,25219.13086,25346.48047,73200000,0.00153,0.01639,40.13819,-578.10787,-54.08715,0.25330,-3.98216,32.85736,28.14574,31.54446,-5.58114,-4.36656,-4.37395,-0.74210,1.16200,0.98049,,,31.77000,3.31707,1,down|low|neg
2022-03-16,25574.90039,25824.93945,25470.46094,25762.00977,82300000,0.01639,0.03458,45.05176,-526.44948,-1.94301,0.39570,-2.18768,62.08055,41.96193,30.62354,-2.39086,-3.35748,-4.42595,2.14086,0.58624,2.22417,,,29.83000,-6.10639,2,down|low|neg
2022-03-17,26170.38086,26702.93945,26152.89062,26652.89062,89600000,0.03458,0.00655,53.80628,-408.90954,92.47755,0.69770,1.29196,97.52381,64.15390,28.69509,0.28453,-2.53312,-4.38595,2.23838,0.06259,0.12047,,,26.67000,-10.59336,3,down|high|pos
2022-03-18,26649.50000,26862.42969,26592.98047,26827.42969,108200000,0.00655,0.01479,55.30859,-298.23656,162.52042,0.77208,2.07203,98.39500,85.99979,27.14826,3.24011,-1.15478,-4.40620,1.23478,0.48862,1.53787,,,25.67000,-3.74953,4,down|high|pos
2022-03-22,27091.32031,27284.47070,27076.33008,27224.10938,98000000,0.01479,0.02998,58.60371,-176.48429,227.41815,0.90245,3.65576,97.68085,97.86655,26.32082,7.94047,0.37550,-4.42574,-0.04347,0.65577,1.69295,,,23.53000,-8.33658,1,mid|high|pos
2022-03-23,27606.78906,28056.19922,27604.36914,28040.16016,88200000,0.02998,0.00250,64.41619,-13.98505,311.93391,1.08105,6.60691,99.48089,98.51891,26.47499,13.10644,2.27711,-4.29607,1.13041,0.27754,-1.53409,,,22.94000,-2.50744,2,mid|high|pos
2022-03-24,27693.76953,28110.39062,27624.61914,28110.39062,71600000,0.00250,0.00140,64.87331,119.09098,356.00795,1.01194,6.67192,100.00000,99.05391,26.67656,13.72654,3.86610,-4.12296,-1.22727,1.45993,0.78124,,,23.57000,2.74629,3,mid|high|pos
2022-03-25,28338.81055,28338.81055,27946.78906,28149.83984,67400000,0.00140,-0.00732,65.14417,225.14260,369.64766,0.95004,6.70995,93.94262,97.80784,27.11294,9.57338,4.89244,-4.04108,1.43439,-0.17554,0.40910,,,21.67000,-8.06109,4,mid|high|pos
2022-03-28,28084.08008,28084.08008,27812.66992,27943.89062,65300000,-0.00732,0.01104,62.43732,289.23676,346.99345,0.86113,5.81516,87.34101,93.76121,27.23116,11.05248,5.62502,-3.93364,0.50662,1.00638,0.91651,,,20.81000,-3.96862,0,mid|high|pos
2022-03-29,28173.42969,28252.41992,28063.91992,28252.41992,77700000,0.01104,-0.00797,64.79719,360.76885,334.82044,0.88551,6.80061,96.98814,92.75726,27.54086,11.63501,6.22193,-3.78433,0.71450,-0.06212,1.31875,,,19.63000,-5.67035,1,mid|high|pos
2022-03-30,28250.80078,28281.44922,27736.26953,28027.25000,83400000,-0.00797,-0.00734,61.74821,394.73892,295.03241,0.81205,5.77087,85.74694,90.02536,27.11334,10.57650,6.03318,-3.60188,1.22565,1.13683,-0.84650,,,18.90000,-3.71880,2,mid|high|pos
2022-03-31,27809.97070,28101.67969,27763.96094,27821.42969,78600000,-0.00734,-0.00559,59.01471,400.43648,240.58397,0.74840,4.77715,70.36476,84.36661,26.71636,7.99402,5.59641,-3.35355,-0.62937,-0.43264,-1.10142,,,19.33000,2.27513,3,mid|high|pos
2022-04-01,27624.10938,27738.31055,27399.48047,27665.98047,66800000,-0.00559,0.00255,56.96365,387.93650,182.46719,0.70278,3.92633,46.70570,67.60580,25.57156,3.80105,4.96392,-3.05690,-1.56525,-0.89665,0.37598,,,20.56000,6.36316,4,mid|high|pos
2022-04-04,27685.65039,27754.24023,27578.81055,27736.47070,50300000,0.00255,0.00186,57.68189,379.34529,139.10078,0.69749,3.99425,35.87559,50.98202,24.53526,3.38848,4.61004,-2.84028,0.34102,-0.21718,0.96815,,,19.63000,-4.52335,0,mid|high|pos
2022-04-05,27965.93945,27965.93945,27662.27930,27787.98047,64300000,0.00186,-0.01575,58.23047,372.40030,105.72464,0.68667,3.99068,41.35926,41.31352,23.93237,2.07122,4.06494,-2.61619,0.80909,0.70141,-0.89240,,,18.57000,-5.39990,1,mid|high|pos
2022-04-06,27533.88086,27549.66992,27214.60938,27350.30078,68700000,-0.01575,-0.01688,52.05555,327.80057,48.89993,0.57966,2.27536,12.07003,29.76830,22.42612,-2.46025,3.47995,-2.49120,-1.25517,0.16230,-0.91517,,,21.03000,13.24718,2,mid|high|pos
2022-04-07,27032.41992,27042.49023,26801.78906,26888.57031,71100000,-0.01688,0.00362,46.45845,252.28895,-21.28936,0.45242,0.47426,5.86494,19.76475,21.36890,-4.34651,2.70615,-2.34433,-0.97169,0.68969,0.54532,,,22.10000,5.08797,3,mid|low|neg
2022-04-08,27097.05078,27185.23047,26764.35938,26985.80078,78100000,0.00362,-0.00609,47.73290,198.00861,-60.45576,0.45820,0.77604,14.59646,10.84381,20.10643,-4.13515,2.13546,-2.18569,0.42534,0.05418,-0.07708,,,21.55000,-2.48869,4,mid|low|neg
2022-04-11,26877.59961,27004.50000,26720.46094,26821.51953,73500000,-0.00609,-0.01814,45.75135,140.11971,-94.67573,0.38375,0.03762,6.47401,8.97847,19.01635,-4.01652,1.32556,-1.98122,-0.26510,0.30148,-0.47171,,,21.16000,-1.80974,0,mid|low|neg
2022-04-12,26606.86914,26674.85938,26304.08008,26334.98047,75300000,-0.01814,0.01931,40.40196,54.35612,-144.35145,0.20344,-1.93996,1.71898,7.59648,18.74363,-6.78681,0.07543,-1.74161,-1.68773,0.23289,-0.28472,,,24.37000,15.17014,1,mid|low|neg
2022-04-13,26436.06055,26885.86914,26429.47070,26843.49023,71600000,0.01931,0.01224,47.33310,27.10786,-137.27977,0.30900,-0.35113,32.45823,13.55041,18.02918,-4.22360,-0.60586,-1.36067,-0.34174,0.87390,0.19189,,,24.26000,-0.45138,2,down|low|neg
2022-04-14,26925.64062,27200.89062,26890.67969,27172.00000,61800000,0.01224,-0.00290,51.27544,31.65650,-106.18490,0.38664,0.50208,52.22583,28.80102,16.75910,-2.33428,-0.75713,-0.93393,1.11746,-0.04463,-1.05623,,,21.82000,-10.05771,3,down|high|neg
2022-04-15,26932.48047,27203.76953,26784.91992,27093.18945,51500000,-0.00290,-0.01083,50.30263,28.57261,-87.41504,0.33627,0.00303,47.48352,44.05586,15.75211,-2.07038,-0.88339,-0.64555,-1.21441,-0.03110,-0.76842,,,22.70000,4.03300,4,down|high|neg
2022-04-18,26831.44922,26851.80078,26571.38086,26799.71094,48300000,-0.01083,0.00692,46.74599,2.41945,-90.85456,0.20454,-1.31872,39.79086,46.50007,15.22975,-3.37736,-1.13842,-0.30877,-1.21441,0.63967,0.07571,,,22.70000,0.00000,0,down|low|neg
2022-04-19,27096.49023,27100.58984,26777.71094,26985.08984,60500000,0.00692,0.00863,49.18981,-3.31043,-77.26755,0.29656,-0.88098,75.69387,54.32275,14.20782,-2.88935,-0.90446,0.02030,-0.02049,0.34791,0.85199,,,22.17000,-2.33480,1,mid|low|neg
2022-04-20,27210.78906,27389.83984,27066.17969,27217.84961,72300000,0.00863,0.01232,52.15842,10.80580,-50.52105,0.41658,-0.30015,84.15946,66.54806,13.70272,-0.48428,-0.90192,0.38634,1.60576,0.37910,-0.26765,,,21.37000,-3.60848,2,mid|high|neg
2022-04-21,27259.14062,27580.64062,27252.83008,27553.06055,62300000,0.01232,-0.01625,56.13338,48.48286,-10.27519,0.58714,0.66357,97.83950,85.89761,13.58977,2.47127,-0.88286,0.71663,-0.06185,1.75848,-1.46285,,,20.32000,-4.91344,3,mid|high|neg
2022-04-22,27197.80078,27205.83008,26904.38086,27105.25977,58500000,-0.01625,-0.01898,50.14011,41.72742,-13.62451,0.39115,-1.03787,62.76081,81.58659,12.72010,0.44267,-0.93953,0.86667,-1.47529,-1.02062,-1.38445,,,22.68000,11.61418,4,mid|high|neg
2022-04-25,26692.48047,26764.48047,26487.83984,26590.77930,62700000,-0.01898,0.00411,44.28938,-5.08202,-48.34716,0.16563,-2.88269,14.01258,58.20430,12.50354,-0.86028,-1.05790,0.96621,-2.77401,0.30857,0.69280,,,28.21000,24.38271,0,mid|low|neg
2022-04-26,26743.21094,26808.99023,26592.99023,26700.10938,64300000,0.00411,-0.01174,45.73839,-32.97667,-60.99345,0.23720,-2.40867,19.42436,32.06591,12.20498,1.38648,-1.19042,1.01965,0.56979,0.15341,-2.50976,,,27.02000,-4.21836,1,mid|low|neg
2022-04-27,26313.14062,26406.61914,26051.03906,26386.63086,97300000,-0.01174,0.01748,42.33808,-79.46249,-85.98341,0.09665,-3.32074,21.93982,18.45892,12.84621,-1.70194,-1.56008,0.87979,-2.81463,-0.66949,-0.06303,,,33.52000,24.05625,2,mid|low|neg
2022-04-28,26430.27930,26876.94922,26348.35938,26847.90039,86700000,0.01748,-0.00109,48.41512,-78.18101,-67.76155,0.37977,-1.44833,52.09601,31.15339,12.43846,-1.19277,-1.89529,0.77412,0.20980,-0.37419,1.55357,,,31.60000,-5.72792,3,mid|low|neg
2022-05-02,26851.09961,26964.58984,26610.85938,26818.52930,74500000,-0.00109,0.00690,48.06774,-78.62905,-54.56767,0.38084,-1.36333,50.17583,41.40388,11.88591,-1.01376,-1.91406,0.64683,-3.62845,1.88249,0.13599,,,33.40000,5.69621,0,mid|low|neg
2022-05-06,26784.28906,27072.58984,26543.28906,27003.56055,98500000,0.00690,-0.02534,50.47837,-63.32369,-31.40985,0.52855,-0.54521,62.27252,54.84812,11.15385,0.76064,-1.47412,0.59508,-3.56497,-0.68630,-0.42054,,,31.20000,-6.58683,4,mid|high|neg
2022-05-09,26705.32031,26732.60938,26309.22070,26319.33984,79500000,-0.02534,-0.00578,42.60303,-105.19239,-58.62284,0.04723,-2.78837,17.54057,43.32964,10.92351,-2.46710,-1.47402,0.41624,-0.56742,0.85665,-1.32731,,,30.19000,-3.23718,0,mid|low|neg
2022-05-10,26149.06055,26246.63086,25773.83008,26167.09961,80800000,-0.00578,0.00178,41.06776,-148.94124,-81.89735,0.00292,-3.08433,27.46296,35.75868,11.60482,-3.86052,-1.36512,0.23729,-3.20371,0.32148,-0.31375,,,34.75000,15.10434,1,mid|low|neg
2022-05-11,26045.38086,26290.61914,26003.25977,26213.64062,85900000,0.00178,-0.01774,41.75874,-177.80740,-88.61081,0.09410,-2.68015,33.86389,26.28914,12.13506,-4.86124,-1.60056,0.10357,0.24579,-0.28451,-1.53981,,,32.99000,-5.06474,2,mid|low|neg
2022-05-12,25945.03906,26028.35938,25688.10938,25748.72070,91200000,-0.01774,0.02637,37.08144,-235.48467,-117.03046,-0.08347,-4.13325,4.37791,21.90159,13.11384,-5.00471,-2.11621,-0.05721,-1.64632,-0.01994,0.20389,,,32.56000,-1.30343,3,down|low|neg
2022-05-13,25918.80078,26479.92969,25904.40039,26427.65039,103800000,0.02637,0.00452,46.50458,-223.83019,-84.30079,0.33123,-1.41331,53.41650,30.55277,12.99023,-0.61348,-2.35473,-0.20054,-0.12960,-0.39585,0.93595,,,31.77000,-2.42629,4,down|low|neg
2022-05-16,26753.36914,26836.96094,26438.60938,26547.05078,87000000,0.00452,0.00425,47.98013,-202.62361,-50.47536,0.39306,-0.78418,62.04070,39.94504,12.16666,-0.57325,-2.00338,-0.32468,2.38697,-0.96046,-0.17724,,,28.87000,-9.12811,0,down|low|neg
2022-05-17,26555.23047,26709.25977,26440.61914,26659.75000,78900000,0.00425,0.00943,49.39884,-174.70941,-18.04893,0.46543,-0.26002,70.18088,61.87936,11.40191,1.03507,-1.53348,-0.38491,-0.39464,0.65637,0.61985,,,27.47000,-4.84933,1,down|low|neg
2022-05-18,26826.82031,27053.17969,26741.33984,26911.19922,74700000,0.00943,-0.01889,52.51081,-130.78969,20.69663,0.62593,0.67730,88.34287,73.52149,11.13920,0.23577,-1.01489,-0.34800,2.01696,-0.39326,-2.28975,,,26.10000,-4.98726,2,down|high|pos
2022-05-19,26435.32031,26458.84961,26150.08984,26402.83984,74500000,-0.01889,0.01273,46.30992,-135.44206,12.83541,0.33475,-1.13828,52.35851,70.29409,10.89626,-1.55001,-0.43861,-0.39887,-4.03953,0.41187,-0.12438,,,30.96000,18.62068,3,down|low|pos
2022-05-20,26448.23047,26769.19922,26426.99023,26739.02930,76300000,0.01273,0.00982,50.47504,-110.72504,30.04194,0.54443,0.13291,76.98650,72.56263,10.14278,-0.97962,-0.19310,-0.39768,-0.58338,-1.18961,-0.08987,,,29.35000,-5.20025,4,down|high|pos
2022-05-23,26991.41992,27047.47070,26832.65039,27001.51953,65000000,0.00982,-0.00938,53.50773,-69.15865,57.28667,0.70607,1.01503,96.21557,75.18686,9.92408,2.59193,0.04739,-0.33944,0.01461,-0.06411,0.30917,,,29.43000,0.27257,0,mid|high|pos
2022-05-24,27005.42969,27005.42969,26736.00977,26748.14062,67400000,-0.00938,-0.00263,50.30544,-56.01681,56.34280,0.56722,0.08140,77.65397,83.61868,9.53248,2.22050,0.12781,-0.35518,1.85550,0.05554,-0.27344,,,28.48000,-3.22800,1,mid|high|pos
2022-05-25,26711.52930,26795.89062,26578.02930,26677.80078,72300000,-0.00263,-0.00273,49.42119,-50.69329,49.33306,0.55934,-0.10790,67.32367,80.39774,8.85859,1.77068,0.02714,-0.41284,-0.81208,-0.04456,0.42057,,,29.45000,3.40590,2,mid|low|pos
2022-05-26,26685.01953,26898.75000,26597.97070,26604.83984,64500000,-0.00273,0.00665,48.46949,-51.76498,38.60909,0.52395,-0.30818,50.35490,65.11085,8.43503,3.32490,0.25174,-0.46224,0.94508,-0.84242,1.33495,,,28.37000,-3.66723,3,mid|low|pos
2022-05-27,26947.80078,26996.69922,26731.59961,26781.67969,69300000,0.00665,0.02195,50.93569,-37.90783,41.97300,0.66022,0.35717,69.93655,62.53837,8.23751,1.33962,0.28641,-0.42769,1.98833,0.30213,1.33793,,,27.50000,-3.06662,4,mid|high|pos
2022-05-30,27092.82031,27401.24023,27057.19922,27369.42969,97000000,0.02195,-0.00327,58.11127,20.26695,80.11822,1.03549,2.50056,97.45750,72.58298,8.80590,3.09782,0.50424,-0.37668,2.47423,-0.08415,-0.83827,,,25.72000,-6.47273,0,mid|high|pos
2022-05-31,27318.08984,27463.33008,27250.69922,27279.80078,141800000,-0.00327,0.00653,56.74830,58.46463,94.65272,0.91186,2.15541,86.02470,84.47291,9.44209,2.32579,0.89310,-0.35949,2.47423,0.18891,-0.36584,,,25.72000,0.00000,1,mid|high|pos
2022-06-01,27295.63086,27482.31055,27295.41992,27457.89062,75800000,0.00653,-0.00160,58.81528,101.93193,110.49601,0.96472,2.83697,97.68602,93.72274,10.06767,2.03146,1.49181,-0.38406,-0.62744,0.39203,-0.10158,,,26.19000,1.82738,2,mid|high|pos
2022-06-02,27340.51953,27450.47070,27251.24023,27413.88086,63600000,-0.00160,0.01268,58.07665,131.31513,111.90338,0.89260,2.62470,92.43270,92.04780,10.52499,3.82929,2.05065,-0.34441,-0.74828,0.74500,1.31729,,,25.69000,-1.90913,3,mid|high|pos
2022-06-03,27660.61914,27776.33008,27614.85938,27761.57031,63700000,0.01268,0.00556,62.12365,180.57560,128.93108,1.00854,3.74440,98.76828,96.29566,11.57109,3.82415,2.60441,-0.17872,1.84310,1.07662,-0.67205,,,24.72000,-3.77579,4,mid|high|pos
2022-06-06,27549.64062,27979.53906,27523.94922,27915.89062,56800000,0.00556,0.00101,63.79425,229.42260,142.22246,0.99699,4.13185,95.45858,95.55318,12.89192,3.38637,2.82597,-0.00825,-1.63473,-0.15677,0.39085,,,24.79000,0.28318,0,mid|high|pos
2022-06-07,27984.78906,28094.73047,27863.38086,27943.94922,68300000,0.00101,0.01039,64.10426,267.31683,144.09335,0.94641,3.99487,89.92616,94.71767,14.31013,4.47062,3.08192,0.18103,0.31374,0.60731,0.95209,,,25.07000,1.12948,1,up|high|pos
2022-06-08,28100.25977,28234.28906,28089.77930,28234.28906,78700000,0.01039,0.00043,67.23096,317.12071,155.11778,0.99350,4.85897,100.00000,95.12825,15.85611,5.83440,3.44631,0.31951,0.95234,1.12388,-0.29853,,,24.02000,-4.18827,2,up|high|pos
2022-06-09,28189.34961,28389.75000,28189.34961,28246.52930,80300000,0.00043,-0.01495,67.36004,353.50336,153.20035,0.96249,4.68236,89.25214,93.05943,17.53921,6.17064,3.84449,0.49308,-1.07939,0.50766,-0.97899,,,23.96000,-0.24980,3,up|high|pos
2022-06-10,27996.34961,28044.44922,27795.16992,27824.28906,79700000,-0.01495,-0.03008,58.76117,344.29677,115.19501,0.75715,2.99222,50.35683,79.86966,17.82008,3.89299,3.76473,0.58581,-2.37987,1.19159,-1.77647,,,26.09000,8.88982,4,up|high|pos
2022-06-13,27369.66016,27389.30078,26948.22070,26987.43945,71400000,-0.03008,-0.01325,46.17898,266.40279,29.84082,0.38437,-0.20411,2.72063,47.44320,17.00493,-1.39568,2.97553,0.69204,-2.91103,-0.00892,-2.30640,,,27.75000,6.36259,0,up|low|pos
2022-06-14,26555.75000,26657.91992,26357.90039,26629.85938,75000000,-0.01325,-0.01140,42.03701,173.81391,-50.19845,0.22716,-1.59375,13.38480,22.15409,17.23044,-2.38250,1.93389,0.77502,-3.87684,0.29460,-0.73173,,,34.02000,22.59460,1,up|low|neg
2022-06-15,26625.67969,26638.75977,26321.67969,26326.16016,72700000,-0.01140,0.00399,38.84982,75.06526,-119.15768,0.12619,-2.73220,0.21665,5.44069,17.49468,-4.12169,0.50694,0.79796,-0.37737,-0.43689,0.67932,,,32.69000,-3.90947,2,up|low|neg
2022-06-16,26715.51953,26947.69922,26431.19922,26431.19922,67800000,0.00399,-0.01771,40.52928,5.22182,-151.20089,0.16859,-2.44251,5.29574,6.29906,17.03893,-3.58461,-0.93440,0.87656,1.45925,0.79642,-3.10693,,,29.62000,-9.39124,3,mid|low|neg
2022-06-17,25988.19922,26072.34961,25720.80078,25963.00000,115200000,-0.01771,-0.00739,35.80841,-86.90755,-194.66421,0.02987,-4.10485,9.07470,4.86236,17.67831,-6.47863,-2.24134,0.83307,-3.25120,-0.87144,-0.01155,,,32.95000,11.24240,4,mid|low|neg
2022-06-20,26156.61914,26156.61914,25520.23047,25771.22070,72200000,-0.00739,0.01843,34.05842,-173.39692,-224.92286,0.02960,-4.70396,8.74677,7.70574,18.52801,-7.68261,-3.02862,0.75529,0.22009,-1.26310,0.73252,,,31.13000,-5.52353,0,mid|low|neg
2022-06-21,26070.91992,26418.83984,25972.27930,26246.31055,65400000,0.01843,-0.00369,41.66419,-201.28431,-202.24820,0.21268,-2.88780,25.30319,14.37489,18.72629,-6.07516,-3.25311,0.72362,0.22009,2.15600,0.81417,,,31.13000,0.00000,1,mid|low|neg
2022-06-22,26441.72070,26462.83008,26149.16992,26149.55078,66400000,-0.00369,0.00083,40.63617,-228.55829,-183.61775,0.19844,-3.13663,24.93129,19.66042,18.81164,-7.38371,-3.27477,0.62226,2.44772,-0.13971,0.21205,,,30.19000,-3.01959,2,mid|low|neg
2022-06-23,26134.89062,26401.97070,26039.57031,26171.25000,65700000,0.00083,0.01225,40.98782,-245.59115,-160.52049,0.21963,-3.02297,34.83120,28.35523,19.06064,-7.34702,-3.43422,0.60803,-0.13016,0.87499,0.24359,,,28.95000,-4.10732,3,mid|low|neg
2022-06-24,26228.41992,26519.16016,26148.56055,26491.97070,72600000,0.01225,0.01432,46.07256,-230.55266,-116.38560,0.32879,-1.79859,68.07436,42.61228,19.00320,-4.78833,-3.00668,0.54587,0.95322,-0.17979,1.55907,,,29.05000,0.34542,4,mid|low|neg
2022-06-27,26741.80078,26938.42969,26665.43945,26871.26953,65800000,0.01432,0.00663,51.40535,-185.88554,-57.37478,0.45705,-0.37335,94.64579,65.85045,17.99585,-0.43046,-2.17225,0.44410,3.05633,-0.87044,-0.50712,,,27.23000,-6.26506,0,mid|high|neg
2022-06-28,26795.67969,27062.31055,26789.50000,27049.47070,73400000,0.00663,-0.00905,53.72084,-134.55610,-4.83627,0.51764,0.24255,99.16737,87.29584,16.80052,1.57572,-1.62066,0.37642,-0.29731,0.16464,-0.84834,,,26.95000,-1.02827,1,mid|high|neg
2022-06-29,26814.23047,26858.67969,26687.47070,26804.59961,101100000,-0.00905,-0.01535,50.18235,-112.34119,13.90290,0.44931,-0.68359,83.28810,92.36708,15.90111,1.81735,-1.15373,0.29147,-2.01430,0.27617,-0.24100,,,28.36000,5.23191,2,mid|high|pos
2022-06-30,26753.27930,26753.27930,26324.31055,26393.03906,86100000,-0.01535,-0.01733,44.83682,-126.48716,-0.19445,0.33342,-2.17779,56.59943,79.68497,15.76847,-0.14438,-0.95829,0.22510,-0.07117,0.45188,0.12110,,,28.16000,-0.70522,3,mid|low|neg
2022-07-01,26460.71094,26531.24023,25841.75000,25935.61914,81700000,-0.01733,0.00841,39.76663,-172.61806,-37.06028,0.21630,-3.75243,7.69066,49.19273,16.43183,-0.10546,-1.24683,0.06108,-0.87593,0.39840,1.46278,,,28.71000,1.95312,4,mid|low|neg
2022-07-04,26086.77930,26258.85938,25945.83008,26153.81055,68700000,0.00841,0.01031,43.07346,-189.38777,-43.06399,0.30721,-2.76727,25.56699,29.95236,17.04781,1.48456,-1.60177,-0.16129,1.05538,-0.58790,0.61631,,,26.70000,-7.00104,0,down|low|neg
2022-07-05,26386.23047,26532.50977,26294.83984,26423.47070,62800000,0.01031,-0.01195,46.94983,-178.85682,-26.02643,0.41690,-1.63949,47.66013,26.97259,16.92569,0.67499,-1.94236,-0.34155,1.05538,-0.54718,-0.58081,,,26.70000,0.00000,1,down|low|neg
2022-07-06,26190.40039,26298.96094,26051.18945,26107.65039,89700000,-0.01195,0.01467,43.23645,-193.76146,-32.74486,0.31745,-2.61934,21.78510,31.67074,17.23162,-0.16023,-2.26474,-0.55891,0.15841,0.59018,0.67930,,,27.54000,3.14607,2,down|low|neg
2022-07-07,26280.93945,26533.65039,26136.99023,26490.52930,80700000,0.01467,0.00101,48.54935,-172.68773,-9.33690,0.51593,-1.05490,53.15421,40.86648,16.93473,1.21996,-2.05708,-0.68793,0.35732,-0.23484,0.68602,,,26.73000,-2.94118,3,down|low|neg
2022-07-08,26623.84961,26881.75000,26510.52930,26517.18945,89300000,0.00101,0.01113,48.90794,-152.08228,9.01483,0.58898,-0.77084,55.33846,43.42593,15.87714,0.09519,-1.43940,-0.85735,1.49646,0.32837,0.59513,,,26.08000,-2.43172,4,down|low|pos
2022-07-11,26892.73047,27062.16992,26710.58984,26812.30078,68500000,0.01113,-0.01774,52.82725,-110.66364,40.34678,0.82422,0.49950,79.52597,62.67288,14.96500,-0.21945,-0.78268,-1.00096,-0.08303,-0.03899,-0.88504,,,24.64000,-5.52147,0,down|high|pos
2022-07-12,26701.00000,26718.66992,26278.27930,26336.66016,64400000,-0.01774,0.00540,46.61992,-114.89486,28.89245,0.47243,-1.04486,40.55245,58.47229,14.53458,-2.63521,-0.60824,-1.15622,-1.15275,0.28548,0.37340,,,26.17000,6.20942,1,down|low|pos
2022-07-13,26403.78906,26543.07031,26389.09961,26478.76953,54100000,0.00540,0.00622,48.56455,-105.56421,30.57848,0.57627,-0.24772,52.19675,57.42506,14.13491,-1.21558,-0.06569,-1.33730,-0.92439,0.79750,-0.01424,,,27.29000,4.27971,2,down|low|pos
2022-07-14,26357.32031,26713.07031,26312.78906,26643.39062,60600000,0.00622,0.00545,50.80053,-83.91869,41.77920,0.69221,0.61551,62.48640,51.74520,13.37014,0.94855,0.29177,-1.50211,-0.44569,-0.48185,0.15617,,,26.82000,-1.72225,3,mid|high|pos
2022-07-15,26736.08008,26857.76953,26571.38086,26788.47070,65500000,0.00545,0.00647,52.74998,-54.43028,57.01409,0.77487,1.32192,72.92735,62.53683,12.49766,3.28834,0.65415,-1.59984,-0.29986,0.65972,0.58432,,,26.40000,-1.56600,4,mid|high|pos
2022-07-19,27003.83008,27043.58008,26791.71094,26961.67969,59400000,0.00647,0.02665,55.04044,-16.88929,75.64406,0.88372,1.98102,90.06012,75.15796,12.09519,3.08892,0.77108,-1.54061,-0.83636,-0.46990,1.44027,,,25.30000,-4.16667,1,mid|high|pos
2022-07-20,27295.94922,27692.84961,27295.94922,27680.25977,66700000,0.02665,0.00443,63.04417,70.03827,130.05729,1.20618,4.53289,99.19081,87.39276,12.90902,4.75634,1.62599,-1.36714,2.76283,-0.06145,-0.38027,,,24.50000,-3.16205,2,mid|high|pos
2022-07-21,27627.88086,27803.00000,27549.56055,27803.00000,56700000,0.00443,0.00402,64.21598,147.13699,165.72481,1.11977,4.76269,100.00000,96.41698,13.83733,6.49369,2.39772,-1.14619,0.58958,-0.02750,0.27695,,,23.88000,-2.53062,3,mid|high|pos
2022-07-22,27773.14062,27952.25000,27701.25000,27914.66016,60100000,0.00402,-0.00772,65.29411,214.77255,186.68830,1.05876,4.94878,97.75445,98.98175,14.93250,5.37600,3.12519,-0.93740,0.98614,0.14763,-0.98393,,,23.11000,-3.22445,4,mid|high|pos
2022-07-25,27697.76953,27848.58984,27663.16016,27699.25000,46500000,-0.00772,-0.00159,61.44782,248.13212,176.03829,0.90057,3.86771,84.88623,94.21356,15.83907,4.45771,3.53968,-0.67691,-0.93325,-0.93717,0.20127,,,23.03000,-0.34617,0,mid|high|pos
2022-07-26,27682.19922,27715.77930,27538.39062,27655.21094,50000000,-0.00159,0.00219,60.66107,267.92772,156.66712,0.84521,3.41035,81.88191,88.17420,16.31173,3.14374,3.76657,-0.38967,0.13152,-0.57332,-0.83243,,,23.36000,1.43291,1,mid|high|pos
2022-07-27,27575.16016,27772.97070,27525.08984,27715.75000,51100000,0.00219,0.00360,61.39285,285.21312,139.16201,0.84002,3.40944,85.57453,84.11422,16.85917,5.23639,3.56549,-0.18885,-1.15432,0.08730,1.02559,,,24.69000,5.69349,2,mid|high|pos
2022-07-28,27909.15039,28015.67969,27651.99023,27815.48047,83500000,0.00360,-0.00050,62.62624,303.46122,125.92809,0.84164,3.52415,86.13866,84.53170,17.81391,5.04824,3.31793,0.01328,2.61563,0.39507,0.17803,,,23.24000,-5.87283,3,up|high|pos
2022-07-29,27915.22070,28001.80078,27725.24023,27801.64062,79300000,-0.00050,0.00690,62.32866,313.19589,108.53021,0.80253,3.22210,82.51270,84.74196,18.70045,4.34723,2.98384,0.21545,1.21333,-0.62715,0.67751,,,22.33000,-3.91566,4,up|high|pos
2022-08-01,27813.82031,27993.34961,27751.58984,27993.34961,71900000,0.00690,-0.01424,64.82219,332.54661,102.30474,0.84126,3.70265,96.89744,88.51627,19.52366,4.49775,2.97262,0.38055,1.42078,-1.25926,-0.31561,,,21.33000,-4.47828,0,up|high|pos
2022-08-02,27812.48047,27830.58008,27530.59961,27594.73047,71800000,-0.01424,0.00533,56.45453,312.11904,65.50174,0.67074,2.11648,14.19528,64.53514,19.49285,2.34796,2.81759,0.42543,-0.28231,-0.73663,0.58080,,,22.84000,7.07923,1,up|high|pos
2022-08-03,27673.00000,27837.63086,27634.65039,27741.90039,72300000,0.00533,0.00686,58.58038,304.29768,46.14430,0.70660,2.55597,44.19385,51.76219,19.48117,0.22269,2.73165,0.48363,-0.66624,-1.37548,0.89431,,,23.93000,4.77233,2,up|high|pos
2022-08-04,27930.93945,28005.58984,27870.05078,27932.19922,83100000,0.00686,0.00872,61.21691,309.88258,41.38336,0.76255,3.08758,82.98365,47.12426,19.87301,0.46470,2.64679,0.61330,1.56385,1.37339,-0.18688,,,21.95000,-8.27413,3,up|high|pos
2022-08-05,27915.06055,28190.03906,27910.22070,28175.86914,71300000,0.00872,0.00260,64.34645,330.16485,49.33251,0.83308,3.71391,97.86902,75.01551,20.64601,0.93574,2.65284,0.82405,-0.07773,0.43711,-0.09181,,,21.44000,-2.32346,4,up|high|pos
2022-08-08,28050.08984,28279.11914,28047.08008,28249.24023,66100000,0.00260,-0.00882,65.25559,348.14592,53.85086,0.83283,3.63097,96.03743,92.29670,21.55285,1.98558,2.49209,1.09500,-0.16257,-1.00103,-0.38670,,,21.15000,-1.35262,0,up|high|pos
2022-08-09,28236.83984,28257.33984,27966.91016,27999.96094,64900000,-0.00882,-0.00645,59.68690,338.38065,35.26847,0.70179,2.43899,62.70529,85.53725,22.05497,1.24660,2.51170,1.31802,-0.12376,1.83682,-0.60700,,,21.29000,0.66194,1,up|high|pos
2022-08-10,27955.10938,27964.96094,27729.46094,27819.33008,59900000,-0.00645,0.02616,55.96036,312.46431,7.48170,0.60078,1.57066,38.57354,65.77209,21.58249,0.37372,2.35926,1.49482,-0.42487,-0.16068,1.15269,,,21.77000,2.25458,2,up|high|pos
2022-08-12,28251.74023,28546.98047,28207.85938,28546.98047,89600000,0.02616,0.01138,65.34655,346.64482,33.32977,0.95498,3.85739,100.00000,67.09294,22.42710,2.62983,2.44323,1.80639,-0.07055,-1.74351,0.57106,,,20.20000,-7.21176,4,up|high|pos
2022-08-15,28623.77930,28897.07031,28623.77930,28871.77930,53700000,0.01138,-0.00010,68.56694,395.38393,65.65511,1.08127,4.67631,98.14917,78.90757,23.78684,3.84919,2.59407,2.07014,1.73224,0.12347,0.02847,,,19.53000,-3.31683,0,up|high|pos
2022-08-16,28829.52930,28928.16016,28752.88086,28868.91016,50100000,-0.00010,0.01226,68.50637,428.83517,79.28508,1.03885,4.31015,95.41944,97.85620,25.09729,3.12774,2.69317,2.30326,0.39695,0.22106,0.28089,,,19.95000,2.15054,1,up|high|pos
2022-08-17,28952.65039,29222.76953,28944.71094,29222.76953,66600000,0.01226,-0.00960,71.81318,478.38449,103.06752,1.14303,5.22215,100.00000,97.85620,26.74617,5.89982,3.21723,2.53218,0.18757,-0.10878,-0.76231,,,19.69000,-1.30326,2,up|hot|pos
2022-08-18,28957.40039,28999.64062,28846.51953,28942.14062,47400000,-0.00960,-0.00041,65.90328,489.36716,91.24015,0.92544,3.82209,81.20757,92.20900,27.89454,4.32645,3.63690,2.78765,-0.72378,0.85171,0.56271,,,19.90000,1.06653,3,up|high|pos
2022-08-19,29095.71094,29150.80078,28913.05078,28930.33008,48400000,-0.00041,-0.00470,65.65838,491.45283,74.66065,0.87108,3.41594,80.41668,87.20808,29.19187,3.57341,3.54768,3.04373,0.22696,0.49674,-0.70974,,,19.56000,-1.70854,4,up|high|pos
2022-08-22,28654.07031,28828.21094,28586.35938,28794.50000,49200000,-0.00470,-0.01187,62.76943,476.65085,47.88694,0.77549,2.61477,71.32076,77.64834,29.18294,2.19561,3.17509,3.26046,-1.29000,0.63063,-1.14432,,,20.60000,5.31698,0,up|high|pos
2022-08-23,28580.19922,28580.19922,28395.30078,28452.75000,55700000,-0.01187,-0.00490,56.08321,432.35983,2.87674,0.59616,1.15689,48.43534,66.72426,28.54534,0.72041,2.63498,3.43189,-2.14001,0.91756,0.02548,,,23.80000,15.53397,1,up|high|pos
2022-08-24,28481.33984,28515.60938,28282.21094,28313.47070,62000000,-0.00490,0.00585,53.57835,381.62111,-38.28958,0.51236,0.46858,10.40598,43.38736,27.59509,1.11968,1.79274,3.52950,-0.22379,0.36851,0.51753,,,24.11000,1.30253,2,up|high|neg
2022-08-25,28415.10938,28534.71094,28357.02930,28479.00977,53700000,0.00585,0.00570,56.08865,350.72499,-55.34856,0.57979,0.94154,20.92361,26.58831,26.75830,2.37130,1.34916,3.52964,0.29162,-0.59108,0.70575,,,22.82000,-5.35048,3,up|high|neg
2022-08-26,28639.47070,28792.92969,28608.69922,28641.38086,49100000,0.00570,-0.02662,58.46140,335.47444,-56.47929,0.64671,1.39653,38.18687,23.17215,26.57472,0.33068,1.02425,3.52972,1.40916,0.25450,-1.47123,,,21.78000,-4.55740,4,up|high|neg
2022-08-29,28161.06055,28179.08984,27788.11914,27878.96094,64100000,-0.02662,0.01136,45.91545,258.88312,-106.45649,0.23200,-1.29761,6.33198,21.81416,25.18971,-3.43872,0.38108,3.41683,-3.36881,-0.37787,0.55970,,,25.56000,17.35537,0,up|low|neg
2022-08-30,28086.72070,28233.80078,27944.25000,28195.58008,60700000,0.01136,-0.00369,50.65170,221.18280,-115.32545,0.39705,-0.24676,29.90140,24.80675,23.76723,-2.33237,0.12861,3.40028,-0.66664,0.70078,-0.95965,,,26.21000,2.54303,1,up|high|neg
2022-08-31,27928.08984,28104.80078,27906.16992,28091.52930,86200000,-0.00369,-0.01531,49.12907,180.82456,-124.54695,0.31323,-0.67622,22.26567,19.49968,22.53552,-3.87109,-0.09012,3.38624,-1.10282,0.78242,-0.84200,,,26.21000,0.00000,2,mid|low|neg
2022-09-01,27797.00000,27832.77930,27589.69922,27661.47070,68900000,-0.01531,-0.00038,43.33123,112.83751,-154.02720,0.06813,-2.18927,5.79498,19.32068,22.09620,-4.42493,-0.66062,3.32785,-0.78170,0.09957,0.44658,,,25.87000,-1.29721,3,mid|low|neg
2022-09-02,27755.59961,27772.36914,27570.74023,27650.83984,58800000,-0.00038,-0.00113,43.19553,57.43737,-167.54188,0.08868,-2.20409,6.55378,11.53814,21.72863,-4.42266,-1.33815,3.26658,0.29962,0.40510,-0.49127,,,25.56000,-1.19830,4,mid|low|neg
2022-09-05,27567.28906,27673.43945,27511.67969,27619.60938,47100000,-0.00113,0.00025,42.77175,10.88681,-171.27394,0.11160,-2.28938,8.42378,6.92418,21.51888,-4.08026,-1.49624,3.17885,-1.07365,0.56354,-0.37875,,,25.47000,-0.35211,0,mid|low|neg
2022-09-06,27650.15039,27813.77930,27557.99023,27626.50977,46300000,0.00025,-0.00710,42.90503,-25.15802,-165.85502,0.15047,-2.21421,8.96235,7.97997,20.86843,-2.90390,-1.84793,3.08077,-1.07365,0.28984,-0.16835,,,25.47000,0.00000,1,mid|low|neg
2022-09-07,27546.00977,27546.00977,27268.69922,27430.30078,69400000,-0.00710,0.02315,40.04882,-68.76358,-167.56846,0.09375,-2.88610,10.60217,9.32943,20.93085,-3.11926,-2.29327,3.03527,-0.40951,-0.04058,1.01967,,,26.91000,5.65371,2,mid|low|neg
2022-09-08,27732.67969,28083.78906,27718.30078,28065.27930,75200000,0.02315,0.00533,51.33873,-51.49029,-120.23614,0.38212,-0.68351,82.53847,34.03433,19.46039,-1.45276,-2.05220,3.01647,1.83410,1.93763,0.10590,,,24.64000,-8.43553,3,mid|high|neg
2022-09-09,28204.71094,28286.01953,28091.38086,28214.75000,74000000,0.00533,0.01160,53.55593,-25.44671,-75.35405,0.46059,-0.19448,92.99439,62.04501,18.52203,-1.48956,-1.69241,2.98073,0.66107,0.68250,0.47936,,,23.61000,-4.18019,4,mid|high|neg
2022-09-12,28483.58984,28612.89062,28438.36914,28542.10938,50500000,0.01160,0.00254,58.06280,21.36193,-22.83632,0.62737,0.91121,94.73429,90.08905,18.34440,2.37867,-1.09103,2.93724,1.52714,-0.18872,-0.05994,,,22.79000,-3.47310,0,mid|high|neg
2022-09-13,28556.21094,28659.75977,28530.35938,28614.63086,51700000,0.00254,-0.02782,59.01172,63.57712,15.50309,0.67292,1.11536,96.75579,94.82816,18.27396,1.48623,-0.44377,2.89891,1.05843,-0.87588,-2.84690,,,23.87000,4.73892,1,mid|high|pos
2022-09-14,28132.69922,28141.91992,27795.64062,27818.61914,70900000,-0.02782,0.00206,46.55882,32.42766,-12.51710,0.29303,-1.67230,39.53242,77.00750,17.49013,-0.97150,-0.14373,2.85014,-4.32366,-0.00770,0.25659,,,27.27000,14.24382,2,mid|low|neg
2022-09-15,27873.96094,27946.19922,27801.43945,27875.91016,48700000,0.00206,-0.01106,47.41885,12.22349,-26.17701,0.34362,-1.47768,43.65094,59.97972,16.76228,0.77523,-0.28558,2.82865,0.33870,1.27573,-0.79248,,,26.16000,-4.07041,3,mid|low|neg
2022-09-16,27631.39062,27654.99023,27525.67969,27567.65039,81600000,-0.01106,0.00438,43.37417,-28.33581,-53.38905,0.18768,-2.43208,21.49088,34.89141,16.64127,-0.30086,-0.60537,2.68083,-1.13177,-1.02560,-0.29981,,,26.27000,0.42049,4,mid|low|neg
2022-09-20,27788.67969,27907.44922,27627.85938,27688.41992,60000000,0.00438,-0.01355,45.34124,-50.15609,-60.16746,0.28120,-1.84021,30.17271,31.77151,15.90168,0.24914,-1.04388,2.49517,0.68571,-0.41852,-0.98749,,,25.76000,-1.94138,1,mid|low|neg
2022-09-21,27440.83984,27467.33984,27297.50000,27313.13086,65500000,-0.01355,-0.00583,40.61921,-96.61776,-85.30330,0.08947,-2.95657,1.14742,17.60367,15.86488,-1.13434,-1.74992,2.29127,-1.12721,0.32081,-0.45081,,,27.16000,5.43478,2,mid|low|neg
2022-09-22,27053.58008,27197.07031,26955.17969,27153.83008,62200000,-0.00583,-0.02660,38.77333,-144.62604,-106.64927,0.05739,-3.23805,11.65392,14.32468,16.42156,-1.00790,-1.93397,2.02818,-1.71165,0.26462,-0.60334,,,27.99000,3.05596,3,mid|low|neg
2022-09-26,26779.43945,26779.43945,26424.59961,26431.55078,96500000,-0.02660,0.00531,31.73216,-238.20894,-160.18574,-0.16957,-5.47361,0.31099,4.37078,17.70347,-5.82117,-2.61486,1.73765,-1.72326,-1.41079,0.41030,,,29.92000,6.89532,0,mid|low|neg
2022-09-27,26585.38086,26680.19922,26523.76953,26571.86914,66800000,0.00531,-0.01497,34.23093,-297.62075,-175.67804,-0.02151,-4.65010,6.58877,6.18456,18.89381,-5.82277,-2.99983,1.47625,-1.03405,0.86520,-0.72208,,,32.26000,7.82085,1,mid|low|neg
2022-09-28,26422.85938,26516.32031,25938.35938,26173.98047,92900000,-0.01497,0.00948,30.78946,-372.51718,-200.45958,-0.06943,-5.72326,10.69274,5.86417,20.71261,-8.29697,-3.72458,1.19639,-0.21204,0.66058,2.10522,,,32.60000,1.05394,2,mid|low|neg
2022-09-29,26280.50000,26458.66992,26221.77930,26422.05078,88900000,0.00948,-0.01835,35.16596,-407.16243,-188.08386,0.08693,-4.55047,24.09014,13.79055,22.40150,-7.66244,-4.08588,0.96912,1.96721,0.16060,-1.12425,,,30.18000,-7.42331,3,mid|low|neg
2022-09-30,26240.00000,26273.65039,25805.58984,25937.21094,101300000,-0.01835,0.01074,31.03530,-468.34280,-199.41138,-0.00145,-5.97911,6.26213,13.68167,24.41289,-6.76313,-4.63744,0.67384,-2.11264,-0.20250,0.20353,,,31.84000,5.50033,4,mid|low|neg
2022-10-03,25778.94922,26223.83984,25621.96094,26215.78906,80700000,0.01074,0.02962,35.70819,-488.71614,-175.82778,0.13799,-4.65640,25.98255,18.77827,26.45828,-5.95540,-4.48041,0.36369,-1.50667,0.02286,1.54186,,,31.62000,-0.69095,0,mid|low|neg
2022-10-04,26653.49023,26994.43945,26633.51953,26992.21094,87100000,0.02962,0.00475,46.57369,-437.17195,-99.42687,0.39712,-1.59657,74.25304,35.49924,26.33237,-2.08737,-3.94421,0.09046,2.58839,0.26656,0.67719,,,30.10000,-4.80709,1,mid|low|neg
2022-10-05,27211.32031,27216.80078,27030.55078,27120.52930,73300000,0.00475,0.00703,48.13379,-381.57009,-35.06001,0.44600,-1.01930,93.96356,64.73305,25.73061,-2.05100,-3.14694,-0.05376,3.05837,-0.20509,-0.37068,,,29.07000,-3.42193,2,down|low|neg
2022-10-06,27137.98047,27399.18945,27137.98047,27311.30078,69400000,0.00703,-0.00715,50.45038,-318.44077,22.45545,0.51233,-0.19420,95.05473,87.75711,24.78546,-0.00670,-2.37182,-0.24819,-0.20179,-0.50650,-1.13982,,,28.55000,-1.78879,3,down|high|pos
2022-10-07,26975.91992,27198.91016,26921.90039,27116.10938,66700000,-0.00715,-0.02636,48.08394,-280.92234,47.97910,0.45445,-0.76602,84.07182,91.03004,24.25342,-0.13891,-1.36956,-0.45549,-1.02451,0.46041,-1.42391,,,30.52000,6.90018,4,down|low|pos
2022-10-11,26757.11914,26759.61914,26369.56055,26401.25000,78900000,-0.02636,-0.00017,40.57710,-305.35199,18.83957,0.25013,-3.20355,43.84856,74.32504,24.53944,-0.11464,-1.05128,-0.64660,-0.74925,0.30543,-0.19412,,,32.45000,6.32372,1,down|low|pos
2022-10-12,26353.22070,26495.75000,26313.41016,26396.83008,68800000,-0.00017,-0.00604,40.53496,-321.36481,2.26139,0.27187,-3.04144,43.59986,57.17341,24.87809,-0.65874,-1.30636,-0.84123,-0.65192,0.13198,-0.13952,,,33.63000,3.63636,2,down|low|pos
2022-10-13,26398.28906,26408.31055,26237.41992,26237.41992,59200000,-0.00604,0.03252,38.96341,-342.96468,-15.47078,0.23689,-3.43086,34.63027,40.69289,25.29538,0.24238,-1.75560,-1.04578,-0.32908,0.13455,2.09510,,,33.57000,-0.17842,3,down|low|neg
2022-10-14,26599.32031,27180.16016,26595.34961,27090.75977,82400000,0.03252,-0.01163,50.11336,-287.90653,31.66990,0.58513,-0.21136,82.64547,53.62520,23.98243,2.53087,-1.84052,-1.15257,2.59656,0.59437,-1.95919,,,31.94000,-4.85552,4,down|high|pos
2022-10-17,26785.01953,26814.91992,26649.13086,26775.78906,65300000,-0.01163,0.01421,46.72081,-266.61468,42.36940,0.47066,-1.27635,46.34044,54.53873,22.76326,3.23311,-1.99672,-1.24332,-2.36627,0.37891,1.04277,,,32.02000,0.25047,0,down|low|pos
2022-10-18,27167.73047,27229.88086,26910.09961,27156.14062,66100000,0.01421,0.00373,51.03189,-216.55325,73.94466,0.67754,0.26046,79.07943,69.35511,21.42218,3.58697,-1.30773,-1.38084,2.64801,0.90908,-0.39085,,,31.37000,-2.02998,1,down|high|pos
2022-10-19,27225.16992,27371.38086,27192.78906,27257.38086,57600000,0.00373,-0.00919,52.14192,-166.78735,98.96845,0.74611,0.77672,87.79374,71.07120,20.42442,0.98239,-0.53166,-1.54192,1.14276,0.22807,-0.96260,,,30.50000,-2.77335,2,down|high|pos
2022-10-20,26981.75000,27092.55078,26872.44922,27006.96094,60300000,-0.00919,-0.00431,49.17267,-145.87278,95.90642,0.64584,0.07807,67.86310,78.24542,19.05393,-0.41875,0.26500,-1.79471,-0.66721,0.15977,-0.06280,,,30.76000,0.85246,3,mid|low|pos
2022-10-21,26903.50000,26985.38086,26869.38086,26890.58008,56300000,-0.00431,0.00314,47.81005,-137.10829,83.73672,0.59480,-0.09790,57.59988,71.08557,17.78721,-1.54046,0.37315,-2.09104,-0.79509,0.41016,0.76019,,,29.98000,-2.53576,4,mid|low|pos
2022-10-24,27233.00000,27308.97070,26974.90039,26974.90039,59100000,0.00314,0.01021,48.91459,-121.95264,79.11390,0.65359,0.34117,65.03579,63.49959,17.04835,-0.52076,0.64728,-2.25272,2.37248,0.23695,0.51937,,,29.69000,-0.96731,0,mid|low|pos
2022-10-25,27113.19922,27337.80078,27073.17969,27250.27930,62200000,0.01021,0.00666,52.45373,-86.72123,91.47625,0.79034,1.45997,89.32048,70.65205,16.41668,3.21587,0.81116,-2.38284,1.18820,-1.56949,1.11823,,,29.85000,0.53890,1,mid|high|pos
2022-10-26,27410.64062,27578.05078,27404.90039,27431.83984,61000000,0.00666,-0.00316,54.68287,-43.64653,107.64076,0.85489,2.15664,85.12153,79.82593,16.28111,3.92096,0.96149,-2.46518,1.62667,0.72250,-0.22543,,,28.46000,-4.65662,2,mid|high|pos
2022-10-27,27407.23047,27450.25977,27330.78906,27345.24023,65400000,-0.00316,-0.00878,53.39694,-16.30938,107.98232,0.77896,1.88622,74.93750,83.12650,15.97249,4.22229,1.26521,-2.55537,-0.73877,-0.60919,-1.00654,,,27.28000,-4.14616,3,mid|high|pos
2022-10-28,27097.38086,27265.46094,26981.08008,27105.19922,144600000,-0.00878,0.01779,49.89449,-13.85410,88.35009,0.62192,1.02315,33.27619,64.44507,14.87064,0.05330,1.45659,-2.61329,-0.60826,-1.24746,1.43810,,,27.39000,0.40322,4,mid|low|pos
2022-10-31,27404.30078,27602.99023,27392.99023,27587.46094,71100000,0.01779,0.00332,56.12163,26.69846,103.12211,0.89506,2.75415,97.88317,68.69895,14.52812,3.03136,1.84736,-2.58688,2.46264,0.09580,-0.11767,,,25.75000,-5.98758,0,mid|high|pos
2022-11-01,27614.64062,27682.97070,27526.17969,27678.91992,72600000,0.00332,-0.00056,57.20780,65.46202,113.50854,0.92262,2.90357,99.50211,76.88716,14.36336,1.92509,1.97715,-2.46918,-0.74544,1.05145,-0.28513,,,25.88000,0.50485,1,mid|high|pos
2022-11-02,27562.30078,27692.55078,27546.88086,27663.39062,86600000,-0.00056,-0.01676,56.95002,93.84752,113.51524,0.86687,2.67917,96.45758,97.94762,14.22961,1.48954,1.98378,-2.36678,-0.41012,0.62580,-1.29554,,,25.81000,-0.27048,2,mid|high|pos
2022-11-04,27371.89062,27389.30078,27032.01953,27199.74023,111100000,-0.01676,0.01206,49.74308,78.03103,78.15900,0.56761,0.80470,31.33000,75.76323,13.53300,0.71381,1.72085,-2.24437,-1.05860,-0.01555,1.19582,,,25.30000,-1.97598,4,mid|low|pos
2022-11-07,27406.77930,27578.00977,27357.52930,27527.64062,78900000,0.01206,0.01251,54.16109,90.90725,72.82817,0.76419,1.85299,76.82123,68.20293,12.66592,2.36908,1.86702,-2.11910,1.36187,0.33877,0.31735,,,24.55000,-2.96443,0,mid|high|pos
2022-11-08,27718.83984,27943.26953,27704.64062,27872.10938,84400000,0.01251,-0.00559,58.30758,127.43846,87.48751,0.92046,2.83306,92.60435,66.91853,12.59926,3.32609,1.78618,-1.88194,0.96140,-1.04587,0.04625,,,24.35000,-0.81466,1,mid|high|pos
2022-11-09,27884.55078,27926.51953,27688.85938,27716.42969,79100000,-0.00559,-0.00975,55.84876,142.18860,81.79012,0.80556,2.03272,76.42462,81.95007,12.49862,1.71063,1.58887,-1.66636,0.55979,-0.14779,-0.69067,,,25.54000,4.88707,2,mid|high|pos
2022-11-10,27459.08008,27485.38086,27370.61914,27446.09961,77100000,-0.00975,0.02978,51.76653,130.55980,56.12905,0.62385,0.97007,48.32931,72.45276,11.64766,0.05198,1.36114,-1.58368,-2.07779,-0.90640,1.94913,,,26.09000,2.15348,3,mid|high|pos
2022-11-11,27868.68945,28329.53906,27837.08984,28263.57031,103700000,0.02978,-0.01062,61.04041,185.17240,88.59332,1.13073,3.80282,94.91578,73.22324,12.37797,3.35828,1.97236,-1.43475,5.54345,0.62907,-0.50797,,,23.53000,-9.81219,4,mid|high|pos
2022-11-14,28277.64062,28305.03906,27963.47070,27963.47070,85100000,-0.01062,0.00095,56.72829,201.91025,84.26493,0.87244,2.60235,71.78706,71.67738,13.05610,3.16645,2.19458,-1.35289,0.92407,-3.06069,-0.03029,,,22.52000,-4.29239,0,mid|high|pos
2022-11-15,27940.25977,28038.63086,27903.26953,27990.16992,71200000,0.00095,0.00136,57.01920,214.85283,77.76601,0.85805,2.56874,73.84478,80.18254,13.53432,1.45975,2.15017,-1.24231,-0.89358,-1.53880,-0.01847,,,23.73000,5.37300,1,mid|high|pos
2022-11-16,28020.49023,28069.25000,27743.15039,28028.30078,73200000,0.00136,-0.00349,57.45908,225.58634,70.79962,0.84287,2.46410,76.78353,74.13846,13.57228,1.26226,2.13516,-1.02171,0.87131,0.40272,-0.38640,,,24.54000,3.41341,2,mid|high|pos
2022-11-17,27952.21094,28029.61914,27910.00977,27930.57031,58900000,-0.00349,-0.00110,55.88054,223.62883,55.07369,0.75199,1.87833,58.95424,69.86085,13.60753,0.96582,2.26003,-0.80523,-0.82520,-0.82076,0.12327,,,24.11000,-1.75224,3,mid|high|pos
2022-11-18,28009.82031,28045.43945,27877.77930,27899.76953,64800000,-0.00110,0.00161,55.36431,217.08966,38.82761,0.71016,1.51976,55.18192,63.63990,13.55095,2.57366,1.74786,-0.56935,-0.30893,0.25691,0.23380,,,23.93000,-0.74658,4,mid|high|pos
2022-11-21,27982.00000,28007.06055,27846.30078,27944.78906,56500000,0.00161,0.00612,56.00408,213.08372,27.85734,0.72248,1.55733,59.87673,58.00430,13.40655,1.51538,1.60796,-0.44342,0.47586,0.78236,0.35860,,,23.12000,-3.38487,0,mid|high|pos
2022-11-22,28059.50977,28203.34961,28038.16016,28115.74023,75900000,0.00612,0.00951,58.44002,221.15399,28.74209,0.82638,1.97996,77.70420,64.25428,13.72179,0.87410,1.50152,-0.27456,-0.38837,-0.11324,0.81541,,,22.36000,-3.28720,1,mid|high|pos
2022-11-24,28373.72070,28502.28906,28363.66016,28383.08984,83900000,0.00951,-0.00353,61.98491,246.28361,43.09737,0.96818,2.76674,84.29810,73.95968,14.62754,2.40529,1.57807,-0.12792,0.59147,-0.66363,-0.13420,,,20.35000,-8.98927,3,mid|high|pos
2022-11-25,28398.76953,28399.88086,28263.59961,28283.02930,56800000,-0.00353,-0.00425,59.92475,255.18337,41.59770,0.85127,2.25256,71.11730,77.70653,15.14104,3.04936,1.68226,0.00351,0.59147,-1.32974,0.20143,,,20.35000,0.00000,4,up|high|pos
2022-11-28,28220.56055,28238.50000,28046.32031,28162.83008,64600000,-0.00425,-0.00479,57.45438,249.65951,28.85907,0.74008,1.64809,55.28367,70.23302,14.93738,-0.35643,1.70247,0.17130,-0.02830,-0.48464,-0.25860,,,20.50000,0.73710,0,up|high|pos
2022-11-29,27991.50000,28055.91016,27899.98047,28027.83984,64800000,-0.00479,-0.00210,54.72581,231.71812,8.73414,0.62160,0.99505,37.50164,54.63420,14.31772,0.23019,1.59561,0.34648,-1.54442,0.35858,-0.13501,,,22.21000,8.34146,1,up|high|pos
2022-11-30,27886.66992,27972.89062,27802.71094,27968.99023,106600000,-0.00210,0.00919,53.53223,210.32625,-10.12618,0.55707,0.63879,23.76851,38.85127,13.46148,-0.07567,1.34464,0.49176,-0.15919,-0.27391,1.43377,,,21.89000,-1.44079,2,up|high|neg
2022-12-01,28273.13086,28423.46094,28226.08008,28226.08008,71400000,0.00919,-0.01588,57.85653,211.67796,-7.01958,0.75378,1.42142,60.51778,40.59598,13.75348,0.70564,1.08967,0.61317,3.09479,0.01874,-0.76553,,,20.58000,-5.98447,3,up|high|neg
2022-12-02,27983.17969,27983.17969,27662.11914,27777.90039,79400000,-0.01588,0.00153,49.25178,174.57248,-35.30005,0.36182,-0.23859,13.78069,32.68899,12.97501,-0.54661,0.67659,0.70054,-0.08676,-0.99896,-0.24444,,,19.84000,-3.59572,4,up|low|neg
2022-12-05,27752.99023,27854.10938,27700.85938,27820.40039,63900000,0.00153,0.00235,50.01103,146.90211,-50.37633,0.34299,-0.15411,18.83920,31.04589,12.25214,-0.28448,0.36213,0.82039,-0.11947,-1.60819,-0.48669,,,19.06000,-3.93146,0,up|high|neg
2022-12-06,27704.06055,27934.07031,27698.31055,27885.86914,60400000,0.00235,-0.00715,51.22168,128.77153,-54.80553,0.38296,-0.03118,26.63152,19.75047,11.37703,-0.21084,0.14799,0.98128,-1.78942,-0.49944,-0.80998,,,20.75000,8.86674,1,up|high|neg
2022-12-07,27670.28906,27786.25000,27646.77930,27686.40039,63000000,-0.00715,-0.00404,47.45104,97.18714,-69.11193,0.17251,-0.76035,5.10133,16.85735,10.69940,-1.52704,-0.06880,1.07056,-1.43992,1.61888,-0.36625,,,22.17000,6.84337,2,mid|low|neg
2022-12-08,27622.30078,27643.64062,27415.66016,27574.42969,64900000,-0.00404,0.01184,45.42937,62.40186,-83.11777,0.07374,-1.14689,15.75406,15.82897,10.65627,-2.84909,-0.52106,1.12222,-0.18624,0.17124,0.65485,,,22.68000,2.30041,3,mid|low|neg
2022-12-09,27633.96094,27952.80078,27633.96094,27901.00977,70200000,0.01184,-0.00210,51.87030,60.48927,-68.02429,0.38603,-0.01018,48.15928,23.00489,10.01958,-1.35070,-0.46671,1.20703,0.75218,-0.36892,-0.43371,,,22.29000,-1.71957,4,mid|high|neg
2022-12-12,27741.09961,27865.72070,27734.66016,27842.33008,49600000,-0.00210,0.00404,50.71210,53.62047,-59.91448,0.33223,-0.31230,42.33673,35.41669,9.42837,-1.13802,-0.54260,1.34693,-0.73496,0.17085,0.76384,,,22.83000,2.42261,0,mid|high|neg
2022-12-13,28067.36914,28116.56055,27907.49023,27954.84961,51900000,0.00404,0.00720,52.88457,56.60378,-45.54493,0.47991,0.02937,53.50159,47.99920,9.52427,-0.26042,-0.55405,1.43337,1.42793,0.07174,0.14363,,,25.00000,9.50504,1,mid|high|neg
2022-12-14,28005.02930,28195.68945,27993.77930,28156.21094,54800000,0.00720,-0.00371,56.57350,74.35909,-22.23169,0.72724,0.70894,94.93884,63.59239,9.80624,0.66939,-0.25839,1.48234,0.72897,0.57931,-0.83893,,,22.55000,-9.80000,2,mid|high|neg
2022-12-15,27991.14062,28163.16992,27987.53906,28051.69922,51100000,-0.00371,-0.01870,54.20146,79.08543,-14.00428,0.59192,0.28701,81.54041,76.66028,10.04729,-0.61780,0.03504,1.55202,-0.60527,-1.39632,-1.37852,,,21.14000,-6.25277,3,up|high|neg
2022-12-16,27706.69922,27713.03906,27488.83008,27527.11914,83800000,-0.01870,-0.01052,44.18686,40.04030,-42.43953,0.00695,-1.59980,14.28908,63.58944,9.84970,-0.90281,-0.24385,1.61860,-2.49217,-0.17406,-0.67976,,,22.83000,7.99433,4,mid|low|neg
2022-12-19,27279.91992,27349.58008,27165.77930,27237.64062,58200000,-0.01052,-0.02458,39.81506,-14.09921,-77.26324,-0.13797,-2.49155,6.97744,34.26897,10.40795,-2.09472,-0.53025,1.50105,-1.11378,1.77542,-0.06477,,,22.62000,-0.91984,0,mid|low|neg
2022-12-20,27257.34961,27339.49023,26416.91016,26568.02930,118500000,-0.02458,-0.00679,31.94235,-109.77182,-138.34868,-0.30507,-4.69827,8.49567,9.92073,12.21133,-4.72583,-1.32601,1.37817,-0.90075,-0.77023,-0.72655,,,22.42000,-0.88418,1,mid|low|neg
2022-12-21,26547.16992,26616.27930,26269.80078,26387.72070,119200000,-0.00679,0.00455,30.21011,-197.86163,-181.15079,-0.18147,-5.12691,6.12288,7.19866,14.08896,-4.69068,-2.37028,1.22871,0.10373,0.22313,0.29286,,,21.48000,-4.19269,2,mid|low|neg
2022-12-22,26552.42969,26585.27930,26399.31055,26507.86914,73400000,0.00455,-0.01028,32.82432,-255.03854,-190.66215,-0.02525,-4.48609,12.36148,8.99334,15.83247,-3.86793,-3.26889,1.06394,1.48680,-3.72495,-1.21801,,,20.07000,-6.56425,3,mid|low|neg
2022-12-23,26207.76953,26291.98047,26106.38086,26235.25000,75700000,-0.01028,0.00650,30.07181,-318.67623,-203.43988,-0.03979,-5.23685,6.16803,8.21746,17.85817,-5.97025,-3.96522,0.88633,-1.44517,0.36242,0.20869,,,21.97000,9.46686,4,mid|low|neg
2022-12-26,26299.53906,26438.65039,26294.84961,26405.86914,47300000,0.00650,0.00159,33.81261,-351.29254,-188.84495,0.08698,-4.41425,14.33432,10.95461,19.24944,-5.15927,-4.35967,0.72798,0.58681,-0.00982,-0.43880,,,20.87000,-5.00682,0,mid|low|neg
2022-12-27,26570.77930,26620.49023,26447.86914,26447.86914,50200000,0.00159,-0.00406,34.73811,-369.49287,-165.63622,0.14662,-4.05426,16.60298,12.36844,19.95574,-5.39077,-4.23910,0.56728,0.58681,0.32714,-0.72924,,,20.87000,0.00000,1,mid|low|neg
2022-12-28,26309.33984,26354.26953,26199.66992,26340.50000,61500000,-0.00406,-0.00937,33.45040,-388.10670,-147.40004,0.14997,-4.19697,14.57181,15.16970,21.01990,-6.44870,-4.02613,0.36142,-0.40496,-0.01957,-0.83711,,,21.65000,3.73742,2,mid|low|neg
2022-12-29,26074.90039,26126.69922,25953.91992,26093.66992,63100000,-0.00937,0.00003,30.63859,-417.95747,-141.80065,0.10962,-4.77755,10.01318,13.72932,22.37662,-6.98007,-4.00770,0.12322,-1.20206,0.54381,0.98235,,,22.14000,2.26328,3,mid|low|neg
2022-12-30,26288.00000,26321.36914,26067.91992,26094.50000,52700000,0.00003,-0.01447,30.65970,-436.51556,-128.28699,0.15242,-4.46934,10.14601,11.57700,23.00345,-5.20439,-3.80312,-0.09344,1.74613,0.41053,-1.30104,,,21.44000,-3.16169,4,down|low|neg
2023-01-04,25834.92969,25840.67969,25661.89062,25716.85938,83300000,-0.01447,0.00404,26.68130,-476.20601,-134.38195,0.08527,-5.51343,5.73428,8.63116,24.19761,-5.58338,-3.96362,-0.31394,-0.40005,-0.03897,0.53716,,,22.90000,6.80970,2,down|cold|neg
2023-01-05,25825.50000,25947.09961,25750.46094,25820.80078,72300000,0.00404,0.00593,29.39686,-493.58405,-121.40799,0.15769,-4.82283,16.57732,10.81920,24.96774,-2.81251,-4.11339,-0.50153,0.75390,0.34711,-0.40975,,,22.01000,-3.88646,3,down|cold|neg
2023-01-06,25740.08008,26034.06055,25719.60938,25973.84961,68200000,0.00593,0.00777,33.31346,-489.36541,-93.75148,0.23341,-3.97621,32.54320,18.28493,25.40324,-1.56842,-4.10158,-0.70465,-1.16455,0.76039,0.87068,,,22.46000,2.04452,4,down|low|neg
2023-01-10,26176.60938,26316.66016,26132.80078,26175.56055,71200000,0.00777,0.01033,38.18080,-464.39249,-55.02285,0.31551,-2.93617,53.58545,34.23532,24.94500,-1.25362,-3.74918,-0.92328,-0.07676,-1.08397,0.45630,,,21.97000,-2.18166,1,down|low|neg
2023-01-11,26362.21094,26479.99023,26332.05078,26446.00000,62400000,0.01033,0.00014,44.07452,-417.96107,-6.87315,0.41755,-1.73921,81.79738,55.97534,24.05849,0.80331,-3.29745,-1.06465,0.69782,-0.10086,0.46888,,,20.58000,-6.32681,2,down|low|neg
2023-01-12,26524.93945,26547.60938,26381.92969,26449.82031,77000000,0.00014,-0.01249,44.15551,-376.51534,27.65807,0.43782,-1.52442,88.95936,74.78073,23.04550,0.16644,-2.55429,-1.20621,1.28494,0.28239,-0.84908,,,21.09000,2.47814,3,down|low|pos
2023-01-13,26391.77930,26409.21094,26090.83984,26119.51953,98300000,-0.01249,-0.01138,38.90874,-366.10162,30.45743,0.34219,-2.49769,51.66752,74.14142,22.74002,-1.24150,-2.07426,-1.40837,0.34159,-0.15065,-1.12758,,,18.83000,-10.71598,4,down|low|pos
2023-01-16,25836.66992,25938.03906,25748.09961,25822.32031,71700000,-0.01138,0.01225,34.89132,-377.47882,15.26418,0.23542,-3.33806,18.11294,52.91327,23.10155,-1.96724,-1.91438,-1.61851,0.39969,-2.06972,0.01038,,,18.35000,-2.54912,0,down|low|pos
2023-01-17,25915.50977,26198.68945,25895.30078,26138.67969,68100000,0.01225,0.02496,41.78219,-356.85419,28.71105,0.39055,-1.94302,53.83075,41.20374,22.67531,0.17249,-1.73073,-1.81589,0.39969,-0.88719,0.50240,,,18.35000,0.00000,1,down|low|pos
2023-01-18,26251.33984,26816.67969,26211.83984,26791.11914,93400000,0.02496,-0.01440,52.86237,-284.58212,80.78650,0.86365,0.67222,97.67011,56.53793,21.30165,2.66960,-1.30742,-1.98997,-0.20305,0.23042,-1.14261,,,19.36000,5.50409,2,down|high|pos
2023-01-19,26541.08008,26592.86914,26368.97070,26405.23047,68700000,-0.01440,0.00562,47.14691,-255.49874,87.89590,0.64612,-0.56303,62.49564,71.33217,20.02612,2.67673,-1.12736,-2.21278,-1.55626,-0.03117,-0.22810,,,20.34000,5.06198,3,down|low|pos
2023-01-20,26346.68945,26553.52930,26320.96094,26553.52930,60400000,0.00562,0.01328,49.41064,-217.97085,100.33903,0.78468,0.20695,75.37383,78.51319,18.72655,2.83775,-0.59065,-2.42549,-0.76384,0.20112,1.43661,,,20.52000,0.88496,4,down|low|pos
2023-01-23,26880.21094,26938.27930,26788.75977,26906.03906,60200000,0.01328,0.01461,54.40924,-157.96422,128.27653,1.01994,1.72922,97.29115,78.38687,18.35101,3.58895,0.41680,-2.65593,1.89184,-0.13148,0.94388,,,19.85000,-3.26511,0,mid|high|pos
2023-01-24,27150.42969,27381.00000,27150.42969,27299.18945,70800000,0.01461,0.00351,59.24577,-77.78789,166.76229,1.15677,3.33329,94.98986,89.21828,18.79391,4.29266,1.40976,-2.81838,1.18813,0.76654,-0.41829,,,19.81000,-0.20152,1,mid|high|pos
2023-01-25,27175.88086,27473.90039,27175.88086,27395.00977,63400000,0.00351,-0.00118,60.34982,-6.44142,190.48700,1.07853,3.71673,95.42875,95.90325,19.35676,3.58848,1.88731,-2.85701,-0.07115,0.96093,0.09122,,,19.20000,-3.07925,2,mid|high|pos
2023-01-26,27444.64062,27502.15039,27284.08008,27362.75000,63300000,-0.00118,0.00072,59.76282,46.95678,195.10817,0.97910,3.57498,92.05266,94.15709,19.92722,3.45155,2.59290,-2.85015,-0.01817,-0.27413,0.61123,,,19.08000,-0.62500,3,mid|high|pos
2023-01-27,27428.41016,27452.66992,27326.91016,27382.56055,71500000,0.00072,0.00186,60.01999,89.83820,190.39167,0.92808,3.52229,92.55750,93.34630,20.45693,4.83562,3.09338,-2.73373,1.10079,-0.76935,0.15499,,,18.73000,-1.83438,4,mid|high|pos
2023-01-30,27384.76953,27486.41992,27337.25000,27433.40039,65800000,0.00186,-0.00387,60.71394,126.46655,181.61601,0.89749,3.55075,94.67183,93.09399,21.01362,6.23910,3.32873,-2.59508,0.24948,0.43564,0.07873,,,18.51000,-1.17458,0,mid|high|pos
2023-01-31,27458.56055,27494.16992,27302.22070,27327.10938,74600000,-0.00387,0.00072,58.43046,145.24370,160.31454,0.81518,3.02211,85.18095,90.80342,21.40443,4.54663,3.22213,-2.51884,-1.29687,0.04160,0.68756,,,19.94000,7.72556,1,mid|high|pos
2023-02-01,27483.41016,27547.66992,27322.78906,27346.88086,65800000,0.00072,0.00202,58.74131,159.87716,139.95840,0.79148,2.92411,83.63189,87.82822,21.88360,2.07443,3.01316,-2.40086,1.46425,0.48131,0.30394,,,19.40000,-2.70813,2,mid|high|pos
2023-02-02,27453.66992,27472.43945,27338.42969,27402.05078,73200000,0.00202,0.00392,59.64806,173.92118,123.20193,0.78795,2.97732,80.81207,83.20831,22.32853,3.77509,2.88844,-2.31021,1.04523,-0.28281,0.50343,,,17.87000,-7.88659,3,mid|high|pos
2023-02-03,27455.02930,27612.57031,27445.68945,27509.46094,92800000,0.00392,0.00670,61.42552,191.51066,112.63312,0.80574,3.21626,77.68874,80.71090,23.06531,3.60002,2.81974,-2.17437,1.46994,-1.14365,0.45635,,,18.73000,4.81253,4,mid|high|pos
2023-02-06,27764.66016,27821.22070,27656.47070,27693.65039,88400000,0.00670,-0.00030,64.32737,217.80230,111.13982,0.85076,3.69675,80.23207,79.57763,24.19104,2.92727,2.80625,-2.01972,-1.03546,0.09641,0.11320,,,18.33000,-2.13561,0,mid|high|pos
2023-02-07,27744.90039,27814.96094,27662.10938,27685.47070,74300000,-0.00030,-0.00285,64.09677,235.26658,102.88327,0.81426,3.41955,74.72729,77.54937,25.23637,1.41499,2.82946,-1.81154,-0.61405,2.53445,0.01636,,,19.43000,6.00109,1,mid|high|pos
2023-02-08,27690.74023,27719.44922,27458.52930,27606.46094,69000000,-0.00285,-0.00080,61.79248,239.96554,86.06579,0.75269,2.89196,58.62047,71.19328,25.27404,0.77186,2.79117,-1.60651,1.28725,0.46512,-0.65731,,,18.66000,-3.96295,2,mid|high|pos
2023-02-09,27453.40039,27635.38086,27424.68945,27584.34961,61700000,-0.00080,0.00314,61.13015,239.14855,68.19904,0.71970,2.52411,54.36010,62.56929,25.16022,0.80986,2.64129,-1.36042,-1.10807,-1.19210,-0.14265,,,19.63000,5.19828,3,mid|high|pos
2023-02-10,27711.25000,27814.01953,27609.33008,27670.98047,88800000,0.00314,-0.00881,62.81199,242.69384,57.39547,0.73751,2.56397,71.05198,61.34418,25.52368,1.05330,2.47947,-1.12681,-0.88298,0.26326,-0.31072,,,20.71000,5.50178,4,mid|high|pos
2023-02-13,27550.34961,27570.32031,27266.93945,27427.32031,70400000,-0.00881,0.00640,55.53377,223.26847,30.37608,0.60410,1.44223,28.93492,51.44900,24.45782,-0.02216,2.06210,-0.93565,0.21953,0.10047,0.99419,,,20.53000,-0.86914,0,mid|high|pos
2023-02-14,27705.36914,27721.82031,27553.17969,27602.76953,55800000,0.00640,-0.00366,59.19980,219.50075,21.28668,0.69721,1.87604,60.58839,53.52510,23.89629,1.00874,1.78601,-0.74357,1.14486,0.02433,0.51528,,,20.34000,-0.92548,1,mid|high|pos
2023-02-15,27686.00977,27720.26953,27444.13086,27501.85938,72100000,-0.00366,0.00708,56.32357,205.99758,6.22681,0.60812,1.34562,42.38280,43.96870,22.96335,0.56671,1.55050,-0.59225,-0.02804,0.59750,0.42957,,,18.91000,-7.03048,2,mid|high|pos
2023-02-16,27654.72070,27727.66016,27597.11914,27696.43945,68100000,0.00708,-0.00662,60.32629,208.59268,7.05753,0.75779,1.87546,77.48774,60.15298,22.11993,1.07433,1.44670,-0.42667,0.27732,0.49419,-0.65510,,,18.23000,-3.59598,3,mid|high|pos
2023-02-17,27484.59961,27608.58984,27466.60938,27513.13086,68800000,-0.00662,0.00068,55.19446,193.62584,-6.32745,0.56315,0.99412,44.92368,54.93141,20.82888,0.01334,1.12323,-0.24237,-1.37887,0.68576,-0.02955,,,20.17000,10.64180,4,mid|high|neg
2023-02-20,27497.13086,27531.93945,27426.48047,27531.93945,62500000,0.00068,-0.00214,55.61170,181.19353,-15.00781,0.56515,0.81010,48.43898,56.95013,19.47589,-0.58393,0.94663,0.01076,-0.27674,0.12771,-0.09785,,,20.02000,-0.74368,0,up|high|neg
2023-02-21,27486.08984,27538.28906,27359.11914,27473.09961,61600000,-0.00214,-0.01342,53.92005,164.69445,-25.20551,0.42842,0.39843,37.68373,43.68213,18.21299,-0.76709,0.65495,0.21629,-0.27674,0.17379,-0.79387,,,20.02000,0.00000,1,up|high|neg
2023-02-22,27265.99023,27300.52930,27046.08008,27104.32031,74700000,-0.01342,0.01288,44.73517,120.47268,-55.54183,-0.16117,-0.99457,7.58396,31.23556,18.11474,-1.81892,0.31847,0.28955,-2.00412,0.02159,-0.27420,,,22.87000,14.23577,2,up|low|neg
2023-02-24,27144.72070,27465.90039,27128.32031,27453.48047,76000000,0.01288,-0.00108,52.91346,112.30631,-50.96656,0.42396,0.12747,59.77293,35.01354,17.35456,-0.47443,-0.01217,0.43071,0.53294,-0.03259,-0.44978,,,21.14000,-7.56450,4,mid|high|neg
2023-02-27,27322.73047,27456.22070,27292.74023,27423.96094,59400000,-0.00108,0.00079,52.21001,102.27348,-48.79951,0.36793,-0.10704,55.44189,40.93293,16.64868,-0.89270,-0.20394,0.56333,-1.05376,-0.22530,0.40490,,,21.67000,2.50710,0,mid|high|neg
2023-02-28,27515.33984,27585.16992,27400.35938,27445.56055,86300000,0.00079,0.00259,52.70546,94.97053,-44.88196,0.40450,-0.10689,58.61094,57.94192,15.47437,0.06650,-0.34520,0.66336,0.30730,1.31250,-0.07491,,,20.95000,-3.32256,1,mid|high|neg
2023-03-01,27363.57031,27530.75977,27305.36914,27516.52930,69800000,0.00259,-0.00064,54.37900,93.82789,-36.81968,0.51286,0.11973,69.02332,61.02538,14.74668,-0.31243,-0.34512,0.70504,-0.30360,-0.05719,-0.11458,,,20.70000,-1.19332,2,mid|high|neg
2023-03-02,27564.82031,27617.80078,27408.53906,27498.86914,69300000,-0.00064,0.01559,53.86818,90.45461,-32.15437,0.46545,0.04036,79.19760,68.94395,13.71137,-0.01087,-0.07311,0.71767,-0.47253,0.02275,0.74960,,,20.58000,-0.57971,3,mid|high|neg
2023-03-03,27683.25977,27961.21094,27655.33984,27927.47070,78200000,0.01559,0.01111,62.96173,120.97134,-1.31011,1.11419,1.51618,96.31307,81.51133,13.92316,0.83416,0.18943,0.81699,0.75822,-0.11295,0.99375,,,19.59000,-4.81049,4,up|high|neg
2023-03-06,28182.31055,28288.61914,28153.82031,28237.77930,65700000,0.01111,0.00253,67.89594,168.25583,36.77950,1.25740,2.51667,95.90839,90.47302,14.99925,2.63383,0.65591,0.92883,1.61477,0.37520,-0.13379,,,18.49000,-5.61511,0,up|high|pos
2023-03-07,28202.58984,28398.26953,28202.58984,28309.16016,69800000,0.00253,0.00477,68.92159,209.07884,62.08201,1.15009,2.64527,93.40999,95.21048,16.25510,2.82298,1.15432,1.04144,0.06872,-0.61812,-0.36794,,,18.61000,0.64900,1,up|high|pos
2023-03-08,28237.21094,28469.41016,28232.67969,28444.18945,67200000,0.00477,0.00629,70.82068,249.45158,81.96380,1.11330,2.96805,98.11939,95.81259,17.58568,3.53469,1.66233,1.18458,-1.53269,0.10231,0.61809,,,19.59000,5.26598,2,up|hot|pos
2023-03-09,28648.10938,28734.78906,28558.88086,28623.15039,72300000,0.00629,-0.01674,73.16145,292.51598,100.02256,1.09627,3.42475,92.25833,94.59590,19.38224,5.60365,2.28728,1.33730,0.14148,1.02355,-1.25126,,,19.11000,-2.45023,3,up|hot|pos
2023-03-10,28385.28906,28424.24023,28118.74023,28143.97070,111300000,-0.01674,-0.01105,59.41719,284.69722,73.76304,0.76167,1.58439,58.66726,83.01499,19.24327,2.51513,2.33400,1.43387,-1.84594,-0.12010,-1.29325,,,22.61000,18.31502,4,up|high|pos
2023-03-13,27886.21094,27906.97070,27631.52930,27832.96094,96100000,-0.01105,-0.02195,52.52067,250.51710,31.66633,0.56121,0.41492,36.90950,62.61170,18.08657,1.49140,1.99413,1.48679,-1.44781,-0.60557,-1.60946,,,24.80000,9.68597,0,up|high|pos
2023-03-14,27455.94922,27455.94922,27104.75000,27222.03906,125700000,-0.02195,0.00027,42.16715,172.14840,-37.36189,0.19235,-1.72226,7.19548,34.25741,18.18164,-0.81442,1.27864,1.46199,-0.15098,-1.03743,0.89252,,,26.52000,6.93549,1,up|low|neg
2023-03-15,27421.66016,27424.93945,27105.99023,27229.48047,86600000,0.00027,-0.00804,42.31631,109.38023,-80.10405,0.21761,-1.63062,7.65199,17.25232,18.26991,-1.04319,0.46772,1.45234,1.64767,-1.38243,-2.69737,,,23.73000,-10.52037,2,up|low|neg
2023-03-16,26796.66992,27057.53906,26632.91992,27010.60938,107100000,-0.00804,0.01196,39.12028,41.49659,-118.39015,0.12458,-2.33723,17.96922,10.93890,19.21262,-1.77556,-0.61180,1.42805,-0.69809,0.96384,1.03437,,,26.14000,10.15592,3,mid|low|neg
2023-03-17,27232.23047,27356.15039,27071.71094,27333.78906,101500000,0.01196,-0.01420,45.64796,13.61922,-117.01402,0.31804,-1.13287,33.34504,19.65542,19.22149,-2.12580,-1.16186,1.43241,1.75620,-1.09229,-1.31262,,,22.99000,-12.05050,4,mid|low|neg
2023-03-20,27253.73047,27367.17969,26945.66992,26945.66992,79200000,-0.01420,0.01933,40.08874,-39.33830,-135.97723,0.13998,-2.43433,14.87961,22.06462,19.46166,-4.57582,-1.70057,1.37964,-1.10195,0.33025,0.42430,,,25.51000,10.96129,0,mid|low|neg
2023-03-22,27298.15039,27520.97070,27267.25977,27466.60938,78100000,0.01933,-0.00171,49.05658,-38.82451,-108.37075,0.41377,-0.55375,39.66419,29.29628,19.24478,-2.97625,-1.52907,1.41034,1.29822,-0.67431,-0.91606,,,21.38000,-16.18973,2,mid|low|neg
2023-03-23,27232.97070,27461.97070,27175.63086,27419.60938,64100000,-0.00171,-0.00125,48.35334,-41.72881,-89.02004,0.39091,-0.69758,43.91674,32.82018,19.22982,-3.60207,-1.36523,1.42349,-1.64632,0.72760,-0.63680,,,22.26000,4.11600,3,mid|low|neg
2023-03-24,27368.61914,27397.28906,27257.43945,27385.25000,59500000,-0.00125,0.00335,47.81372,-46.26963,-74.84869,0.36243,-0.80526,59.05024,47.54372,19.21592,-4.32482,-1.07716,1.42586,0.29845,-0.88328,-0.01917,,,22.61000,1.57233,4,mid|low|neg
2023-03-27,27482.39062,27543.48047,27359.72070,27476.86914,57400000,0.00335,0.00151,49.43421,-41.99132,-56.45631,0.41053,-0.44173,92.68458,65.21719,18.73854,-2.37032,-0.94199,1.41066,0.56398,-0.23936,0.28435,,,21.74000,-3.84786,0,mid|low|neg
2023-03-28,27573.82031,27603.44922,27432.75977,27518.25000,66400000,0.00151,0.01328,50.18658,-34.85980,-39.45983,0.42981,-0.29253,91.22137,80.98540,18.10585,-1.13071,-0.52780,1.42968,0.16470,-0.01453,-0.15717,,,20.60000,-5.24379,1,mid|high|neg
2023-03-29,27549.36914,27897.72070,27505.48047,27883.77930,83800000,0.01328,-0.00362,56.36301,0.28387,-3.45292,0.61367,0.98041,98.89774,94.26789,16.97592,2.43090,-0.27634,1.47158,-0.15738,0.29577,0.75750,,,19.97000,-3.05826,2,mid|high|neg
2023-03-30,27827.89062,27876.38086,27630.55078,27782.92969,82000000,-0.00362,0.00931,54.36034,19.76987,12.82646,0.55268,0.57005,87.94276,92.68729,15.92670,2.03254,-0.05805,1.50676,1.42373,-0.14249,0.67333,,,19.12000,-4.25638,3,mid|high|pos
2023-03-31,28009.22070,28124.61914,27986.61914,28041.48047,91100000,0.00931,0.00523,58.43764,55.43651,38.79448,0.67514,1.36841,92.94807,93.26286,15.63464,3.81654,0.28097,1.63750,0.57153,1.16753,0.54747,,,19.02000,-0.52301,4,up|high|pos
2023-04-03,28203.34961,28258.91016,28120.71094,28188.15039,75000000,0.00523,0.00352,60.58860,94.44887,62.24547,0.74135,1.79048,93.46800,91.45295,15.70274,3.12566,0.68825,1.72824,1.44365,0.47143,0.00656,,,18.70000,-1.68244,0,up|high|pos
2023-04-04,28213.92969,28287.41992,28139.11914,28287.41992,73300000,0.00352,-0.01676,62.02122,131.85671,79.72265,0.79009,2.02171,100.00000,95.47202,15.83847,4.97946,1.11765,1.83853,0.36988,0.10961,-0.68023,,,18.55000,-0.80215,1,up|high|pos
2023-04-05,28111.03906,28133.57031,27788.76953,27813.25977,74300000,-0.01676,-0.01225,52.25110,121.83746,55.76272,0.55961,0.25842,53.96416,82.47739,14.79940,1.26208,1.01320,1.90966,-0.57970,-0.78592,-0.49710,,,19.00000,2.42588,2,up|high|pos
2023-04-06,27589.14062,27609.85938,27427.66016,27472.63086,73200000,-0.01225,0.00166,46.57496,85.42649,15.48139,0.39566,-0.96318,12.17099,55.37838,14.61533,0.19337,0.79587,1.93213,-0.24924,-0.61527,0.53642,,,19.08000,0.42105,3,up|low|pos
2023-04-07,27554.36914,27591.15039,27456.25000,27518.31055,49100000,0.00166,0.00419,47.40018,59.56981,-8.30022,0.44623,-0.80129,10.54369,25.55961,14.44441,0.48588,0.41586,1.93542,0.35792,-0.41906,0.36953,,,18.40000,-3.56394,4,up|low|neg
2023-04-10,27658.51953,27737.49023,27597.17969,27633.66016,48000000,0.00419,0.01048,49.52057,47.83455,-16.02839,0.54295,-0.34325,23.96018,15.55829,13.81272,0.57063,0.05848,1.87247,0.35792,0.56135,0.78289,,,18.40000,0.00000,0,up|low|neg
2023-04-11,27895.90039,28068.39062,27854.82031,27923.36914,64800000,0.01048,0.00571,54.48342,61.20582,-2.12569,0.74270,0.74723,57.65669,30.72019,13.37368,1.47218,-0.15882,1.75871,0.09963,0.32505,0.29234,,,18.97000,3.09782,1,mid|high|neg
2023-04-12,27985.92969,28121.46094,27983.97070,28082.69922,62700000,0.00571,0.00264,56.98796,83.69448,16.29037,0.81864,1.35522,76.18862,52.60183,13.10607,0.71339,0.06832,1.64112,-0.00414,1.03863,-0.54375,,,19.10000,0.68530,2,up|high|pos
2023-04-13,27952.58008,28163.86914,27952.00977,28156.97070,59900000,0.00264,0.01195,58.14413,106.28481,31.10456,0.83215,1.66543,84.82725,72.89085,12.97344,1.34630,0.60401,1.51709,-0.41349,0.09365,0.92819,,,19.09000,-0.05236,3,up|high|pos
2023-04-14,28321.53906,28515.50977,28282.82031,28493.47070,72900000,0.01195,0.00075,62.99719,149.61587,59.54849,0.99720,2.89970,97.97407,86.32998,13.72597,1.61186,1.32718,1.38618,1.32627,-0.38100,-0.01218,,,17.80000,-6.75747,4,up|high|pos
2023-04-17,28537.99023,28599.75000,28414.98047,28514.77930,58000000,0.00075,0.00505,63.28748,183.55951,74.79371,0.94490,2.92152,92.75050,91.85060,14.61277,1.15875,1.90900,1.33615,-0.20694,-0.44934,0.15859,,,17.07000,-4.10112,0,up|high|pos
2023-04-18,28567.53906,28698.22070,28520.75977,28658.83008,62300000,0.00505,-0.00182,65.27097,219.55291,88.62969,0.99205,3.31826,96.89974,95.87477,15.65526,1.31299,2.31792,1.34771,0.33062,1.12011,-0.08315,,,16.95000,-0.70298,1,up|high|pos
2023-04-19,28619.83984,28677.22070,28531.53906,28606.75977,58000000,-0.00182,0.00178,63.92649,241.09709,88.13909,0.90472,2.92502,92.63582,94.09535,16.62330,2.85296,2.49112,1.43809,0.08552,0.33889,-0.19841,,,16.83000,-0.70797,2,up|high|pos
2023-04-20,28472.00000,28694.25000,28442.44922,28657.57031,56700000,0.00178,-0.00325,64.69080,259.28214,85.05932,0.88880,2.89636,96.30800,95.28119,17.13689,4.31316,2.64039,1.51991,-0.00843,-0.28343,-0.18344,,,16.46000,-2.19846,3,up|high|pos
2023-04-21,28590.55078,28778.36914,28527.80078,28564.36914,61400000,-0.00325,0.00102,62.09200,263.14006,71.13379,0.80429,2.33335,76.82851,88.59078,17.83541,3.80132,2.46265,1.62447,-0.59525,0.49237,0.33479,,,17.17000,4.31349,4,up|high|pos
2023-04-24,28631.77930,28680.65039,28567.24023,28593.51953,50000000,0.00102,0.00093,62.59810,265.48929,58.78641,0.79360,2.25319,77.63085,83.58912,18.48403,3.47352,2.33434,1.66595,0.09032,-0.52559,0.44234,,,16.77000,-2.32964,0,up|high|pos
2023-04-25,28697.73047,28806.68945,28609.76953,28620.07031,59300000,0.00093,-0.00711,63.08156,266.42234,47.77557,0.78350,2.10359,78.16502,77.54146,19.43130,2.49505,2.06216,1.77135,0.08516,-0.02612,-0.97858,,,16.89000,0.71556,1,up|high|pos
2023-04-26,28478.51953,28551.60938,28319.76953,28416.47070,68700000,-0.00711,0.00145,56.99732,247.87565,23.38311,0.63785,1.24001,25.51217,60.43601,18.98677,1.18853,1.78842,1.78894,-1.58109,0.09182,-0.42747,,,18.76000,11.07165,2,up|high|pos
2023-04-27,28340.58984,28459.73047,28241.66992,28457.67969,73600000,0.00145,0.01401,57.88276,233.80730,7.45180,0.64584,1.23706,38.23050,47.30256,18.25692,1.06797,1.49584,1.82716,-0.38412,-0.27818,0.88665,,,18.84000,0.42644,3,up|high|pos
2023-04-28,28705.91016,28879.24023,28499.50977,28856.43945,104000000,0.01401,0.00924,65.32338,251.93051,20.46001,0.86132,2.44118,96.42380,53.38882,18.78399,1.27387,1.49118,1.92167,1.95661,-0.18398,0.67077,,,17.03000,-9.60722,4,up|high|pos
2023-05-01,29058.05078,29145.89062,29016.83008,29123.17969,73400000,0.00924,0.00119,69.23829,284.53703,42.45323,0.95358,3.14698,97.48834,77.38088,19.87011,2.13363,1.62965,2.02835,0.82532,0.25250,0.62431,,,15.78000,-7.33999,0,up|high|pos
2023-05-02,29278.80078,29278.80078,29083.13086,29157.94922,63900000,0.00119,-0.00714,69.71820,309.61450,54.02456,0.91490,3.03079,88.34751,94.08655,21.14681,1.74159,1.77424,2.11587,-0.03861,1.93121,-1.14188,,,16.08000,1.90114,1,up|high|pos
2023-05-08,29095.46094,29144.11914,28931.81055,28949.88086,74100000,-0.00714,0.01012,63.34903,309.13567,42.83658,0.77700,2.14166,68.28559,84.70715,21.69097,1.19944,1.99751,2.11609,1.84748,-0.27129,0.31129,,,17.19000,6.90299,0,up|high|pos
2023-05-09,29020.63086,29262.35938,29020.63086,29242.82031,86400000,0.01012,-0.00413,67.80806,328.60600,49.84553,0.90207,2.96307,96.53077,84.38796,22.46085,2.04222,2.34069,2.17412,0.04521,0.76018,-0.04384,,,16.98000,-1.22165,1,up|high|pos
2023-05-10,29189.41016,29195.16016,29070.10938,29122.17969,87300000,-0.00413,0.00016,64.33659,330.49198,41.38520,0.82196,2.38247,84.89862,83.23833,23.17574,1.95282,2.37200,2.21534,-0.45794,-0.09320,-0.28219,,,17.71000,4.29917,2,up|high|pos
2023-05-11,29110.78906,29165.58984,29028.71094,29126.72070,82200000,0.00016,0.00898,64.41045,328.56555,31.56702,0.81614,2.26346,85.33646,88.92195,23.64390,1.86476,2.23955,2.21697,0.44840,0.15917,-0.00155,,,16.94000,-4.34782,3,up|high|pos
2023-05-12,29199.30078,29426.06055,29141.51953,29388.30078,106100000,0.00898,0.00810,68.46221,344.17869,37.74413,0.95751,3.02259,96.81188,89.01565,24.69546,2.68424,2.24323,2.23632,-0.16966,-0.88773,0.63528,,,16.93000,-0.05903,4,up|high|pos
2023-05-15,29547.03906,29629.47070,29475.97070,29626.33984,88600000,0.00810,0.00731,71.62771,371.47782,52.03461,1.04591,3.59368,99.72292,93.95709,26.08431,4.25763,2.45702,2.36318,-0.15833,0.30651,0.82244,,,17.03000,0.59067,0,up|hot|pos
2023-05-16,29838.00977,29916.56055,29779.07031,29842.99023,107400000,0.00731,0.00840,74.16898,405.91531,69.17768,1.08643,4.00641,92.52904,96.35461,27.87124,4.86797,2.53679,2.57802,0.29582,0.98441,0.09051,,,17.12000,0.52848,1,up|hot|pos
2023-05-17,29912.43945,30115.32031,29912.43945,30093.58984,93100000,0.00840,0.01596,76.76175,448.26129,89.21892,1.09617,4.50461,98.16390,96.80529,29.82750,4.28726,2.84467,2.81403,-0.63777,0.16418,1.45018,,,17.99000,5.08177,2,up|hot|pos
2023-05-18,30432.53906,30667.13086,30381.90039,30573.92969,90500000,0.01596,0.00767,80.75018,514.64765,124.48423,1.15534,5.74079,94.62917,95.10737,32.29177,4.98143,3.42738,3.07637,1.18908,0.28299,1.08285,,,16.87000,-6.22568,3,up|hot|pos
2023-05-19,30847.35938,30924.57031,30679.16016,30808.34961,80500000,0.00767,0.00904,82.34293,579.49499,151.46526,1.10181,6.12797,93.89578,95.56295,34.81550,5.66021,3.99459,3.31952,0.94450,0.86785,0.15142,,,16.05000,-4.86071,4,up|hot|pos
2023-05-22,30735.71094,31086.82031,30689.26953,31086.82031,75400000,0.00904,-0.00415,84.03304,645.91157,174.30547,1.07252,6.64579,100.00000,96.17498,37.29548,7.38151,4.56794,3.56764,-0.14459,0.73103,0.41233,,,16.81000,4.73520,0,up|hot|pos
2023-05-23,31245.72070,31352.52930,30828.73047,30957.76953,92200000,-0.00415,-0.00889,80.20175,680.29189,166.94863,0.95693,5.79646,83.01245,92.30274,39.80348,5.86451,4.92953,3.78718,0.01550,-0.66945,-0.89725,,,17.21000,2.37953,1,up|hot|pos
2023-05-24,30728.68945,30856.91992,30566.83008,30682.67969,81700000,-0.00889,0.00386,72.60292,677.53093,131.35014,0.83588,4.54350,69.70391,84.23879,41.01197,5.35846,5.01789,3.93381,-1.12220,0.71173,-0.61168,,,18.53000,7.66997,2,up|hot|pos
2023-05-25,30599.26953,30889.98047,30558.14062,30801.13086,84000000,0.00386,0.00374,73.75595,677.09573,104.73195,0.83295,4.62108,70.61651,74.44429,42.17191,5.74871,4.84601,4.09062,-0.73186,-0.05336,0.97032,,,20.03000,8.09498,3,up|hot|pos
2023-05-26,30909.60938,31101.59961,30864.49023,30916.31055,78300000,0.00374,0.01026,74.86375,678.22670,84.69033,0.82984,4.69121,72.27645,70.86562,43.48617,5.19938,4.59853,4.24246,0.87576,0.49423,1.88797,,,19.14000,-4.44334,4,up|hot|pos
2023-05-29,31388.00977,31560.42969,31164.00000,31233.53906,78300000,0.01026,0.00303,77.66068,696.68968,82.52265,0.88071,5.39045,80.16429,74.35241,45.13891,5.42490,4.32670,4.43935,1.30491,0.52698,0.85312,,,17.95000,-6.21734,0,up|hot|pos
2023-05-30,31196.24023,31374.83008,31064.18945,31328.16016,71800000,0.00303,-0.01405,78.43158,710.76362,77.27727,0.87245,5.33006,80.29158,77.57744,46.26042,4.97661,4.20107,4.63671,1.30491,0.60993,-0.58465,,,17.95000,0.00000,1,up|hot|pos
2023-05-31,31057.08984,31142.77930,30785.98047,30887.88086,184600000,-0.01405,0.00842,66.86845,678.56835,36.06560,0.72200,3.52628,32.89872,64.45153,46.21759,2.63940,4.01403,4.80236,0.00166,-0.30525,-0.34927,,,17.46000,-2.72981,2,up|high|pos
2023-06-01,30886.00977,31185.05078,30853.43945,31148.00977,95100000,0.00842,0.01208,69.70984,666.36218,19.08754,0.77214,4.04183,58.85220,57.34750,46.23684,1.87768,3.89075,4.98606,-0.61086,-0.46211,0.80901,,,17.94000,2.74915,3,up|high|pos
2023-06-02,31300.72070,31555.53906,31257.00977,31524.22070,90700000,0.01208,0.02199,73.27903,679.21620,25.55325,0.84819,4.89146,96.38737,62.71276,46.73451,2.32363,3.89374,5.20388,0.98545,-0.47571,1.39822,,,15.65000,-12.76478,4,up|hot|pos
2023-06-05,31864.11914,32217.42969,31798.72070,32217.42969,98800000,0.02199,0.00898,78.34292,736.84538,66.54595,0.99215,6.65843,100.00000,85.07986,47.84684,3.63694,4.02225,5.50023,1.45344,-0.27241,-0.36449,,,14.60000,-6.70926,0,up|hot|pos
2023-06-06,31988.36914,32534.47070,31933.86914,32506.77930,82500000,0.00898,-0.01824,80.04301,796.68137,101.10555,1.00053,7.04239,98.59885,98.32874,49.12524,5.00362,4.24369,5.82424,-0.20036,1.05155,0.42521,,,14.73000,0.89041,1,up|hot|pos
2023-06-07,32618.77930,32708.52930,31913.74023,31913.74023,111900000,-0.01824,-0.00854,68.22232,787.17447,73.27892,0.81159,4.66806,58.65962,85.75282,50.43750,4.01223,4.49849,6.03303,0.23539,-0.58771,-0.09006,,,13.96000,-5.22742,2,up|high|pos
2023-06-08,31877.78906,32035.94922,31420.44922,31641.26953,86000000,-0.00854,0.01972,63.57675,749.01984,28.09943,0.71614,3.43275,44.48725,67.24857,50.04026,2.72762,4.47690,6.18907,-0.38120,0.10331,0.78610,,,13.94000,-0.14327,3,up|high|pos
2023-06-09,31927.38086,32304.03906,31898.75000,32265.16992,101500000,0.01972,0.00523,68.81347,760.36060,31.55216,0.88691,5.04544,76.93898,60.02861,49.95982,4.36294,4.53660,6.38652,0.61886,0.26662,0.27841,,,13.65000,-2.08034,4,up|high|pos
2023-06-12,32412.11914,32517.67969,32280.53906,32434.00000,68700000,0.00523,0.01803,70.06760,774.04867,36.19218,0.91127,5.11815,85.72056,69.04893,50.10096,3.84350,4.20481,6.62784,0.11481,-0.74053,0.77388,,,13.83000,1.31868,0,up|hot|pos
2023-06-13,32668.94922,33127.35938,32638.21094,33018.64844,89500000,0.01803,0.01465,73.97115,822.59049,67.78720,1.04089,6.49171,95.21923,85.95959,50.76008,5.39607,4.02739,6.87669,0.93211,0.36583,1.23067,,,15.01000,8.53218,1,up|hot|pos
2023-06-14,33331.46875,33665.51953,33203.94922,33502.42188,111600000,0.01465,-0.00051,76.68108,889.83919,108.02872,1.09199,7.44482,93.22828,91.38935,51.74272,8.46462,4.46186,7.16550,0.69325,0.06386,0.02262,,,14.61000,-2.66489,2,up|hot|pos
2023-06-15,33493.69141,33767.12891,33386.01172,33485.48828,105800000,-0.00051,0.00659,76.38131,931.03547,119.38000,1.00153,6.79337,87.99834,92.14861,52.71924,7.50442,5.05733,7.46767,0.08194,0.51412,0.07320,,,13.88000,-4.99657,3,up|hot|pos
2023-06-16,33399.14844,33772.76172,33186.92969,33706.07812,132000000,0.00659,-0.00996,77.60927,970.29859,126.91449,0.98265,6.90802,97.16519,92.79727,53.02764,6.92121,5.39588,7.75028,1.21781,-0.14267,-0.12187,,,14.50000,4.46686,4,up|hot|pos
2023-06-19,33768.69141,33772.89062,33231.55859,33370.42188,82900000,-0.00996,0.00055,71.51633,963.22675,95.87413,0.85152,5.34300,82.89144,89.35166,53.31411,3.57878,5.48881,7.97061,-0.36716,0.20789,0.88275,,,13.54000,-6.62069,0,up|hot|pos
2023-06-20,33269.57031,33474.73828,33089.01953,33388.91016,82400000,0.00055,0.00558,71.64837,948.18405,64.66514,0.82019,4.93154,83.67736,87.91133,53.12747,2.71368,5.25132,8.16538,-0.36716,1.13996,-0.65564,,,13.54000,0.00000,1,up|hot|pos
2023-06-21,33200.62891,33657.87109,33154.67969,33575.14062,82000000,0.00558,-0.00924,73.00572,940.44893,45.54401,0.83251,5.05701,89.44850,85.33910,53.14038,5.20591,4.83819,8.34041,-0.47351,0.02255,-0.01531,,,13.88000,2.51108,2,up|hot|pos
2023-06-22,33438.01172,33641.46094,33232.19141,33264.87891,94700000,-0.00924,-0.01453,67.23081,898.92106,3.21292,0.73219,3.73681,65.95898,79.69495,53.15237,5.13130,4.34869,8.44368,-0.52453,-0.39746,0.57154,,,13.20000,-4.89914,3,up|high|pos
2023-06-23,33458.35156,33533.46875,32575.56055,32781.53906,103600000,-0.01453,-0.00252,59.35406,817.58384,-62.49944,0.58829,1.97851,17.20315,57.53688,51.18949,1.60039,3.51726,8.48832,0.37108,0.24976,-0.32500,,,12.91000,-2.19697,4,up|high|neg
2023-06-26,32647.08008,32884.73047,32392.72070,32698.81055,74100000,-0.00252,-0.00491,58.09936,737.94148,-113.71344,0.54779,1.51752,22.17769,35.11327,48.90646,0.81646,2.89301,8.49164,-0.76588,0.94715,-0.33277,,,13.44000,4.10534,0,up|high|neg
2023-06-27,32629.96094,32689.09961,32306.99023,32538.33008,79600000,-0.00491,0.02015,55.64215,654.33217,-157.85820,0.48325,0.82139,15.78142,18.38742,46.57154,-1.45469,2.16433,8.50508,-0.44868,0.35727,0.88102,,,14.25000,6.02679,1,up|high|neg
2023-06-28,32807.83984,33193.98828,32642.86914,33193.98828,91100000,0.02015,0.00121,62.60146,633.67274,-142.81411,0.66570,2.53384,60.50875,32.82262,45.22926,-0.92063,1.61186,8.62024,1.14559,-0.05643,0.36456,,,13.74000,-3.57895,2,up|high|neg
2023-06-29,33306.83984,33527.98047,33185.19922,33234.14062,117900000,0.00121,-0.00136,62.98446,613.46827,-130.41486,0.66300,2.35018,63.24784,46.51267,44.44461,-0.75062,1.28838,8.69925,-0.03541,0.29416,-0.14786,,,13.43000,-2.25618,3,up|high|neg
2023-06-30,33068.35938,33232.89062,32918.76953,33189.03906,111300000,-0.00136,0.01700,62.21374,587.04962,-125.46681,0.62660,1.92592,65.29435,63.01698,43.03129,-1.53396,1.25589,8.74361,0.44735,0.35237,0.75616,,,13.54000,0.81906,4,up|high|neg
2023-07-03,33517.60156,33762.80859,33510.55078,33753.32812,95400000,0.01700,-0.00980,67.56198,604.67574,-86.27255,0.83356,3.33902,99.34879,75.96366,42.43285,1.14744,1.58913,8.76390,1.22690,0.27079,-0.30613,,,13.59000,0.36928,0,up|high|neg
2023-07-04,33512.26172,33576.44922,33338.78125,33422.51953,99400000,-0.00980,-0.00251,62.01996,585.20519,-84.59448,0.67329,2.06444,76.62558,80.42291,41.45146,0.10066,1.86926,8.74385,0.11707,-0.26385,0.68062,,,13.57000,-0.14717,1,up|high|neg
2023-07-05,33165.05859,33389.21875,33041.14062,33338.69922,95100000,-0.00251,-0.01697,60.66214,556.59497,-90.56376,0.61784,1.50460,70.86797,82.28078,39.83889,-0.70422,1.65332,8.76465,0.11707,0.12881,-0.56601,,,13.57000,0.00000,2,up|high|neg
2023-07-06,33058.39844,33079.44922,32637.72070,32773.01953,100600000,-0.01697,-0.01174,52.33481,482.71114,-131.55807,0.27661,-0.41478,32.01150,59.83502,37.49070,-1.47861,1.17231,8.71880,-0.19683,-0.12311,-0.92460,,,14.18000,4.49521,3,up|high|neg
2023-07-07,32450.64062,32730.25000,32327.90039,32388.41992,105100000,-0.01174,-0.00613,47.55504,388.64366,-180.50044,0.02917,-1.68670,5.59340,36.15762,34.90005,-1.19921,0.58010,8.57271,-0.79225,0.05747,0.15925,,,15.44000,8.88575,4,up|low|neg
2023-07-10,32393.46094,32558.98047,32065.63086,32189.73047,101200000,-0.00613,0.00043,45.25551,294.66520,-219.58312,-0.05249,-2.28653,7.31212,14.97234,32.95458,-1.55688,-0.36579,8.34419,-0.28651,-0.37234,0.18723,,,14.83000,-3.95078,0,mid|low|neg
2023-07-11,32434.66992,32468.69922,32084.41992,32203.57031,87200000,0.00043,-0.00806,45.45337,218.78139,-236.37355,0.02932,-2.20851,8.12758,7.01103,31.14807,-1.02882,-1.06941,8.07758,0.24050,-1.21014,0.25286,,,15.07000,1.61834,1,mid|low|neg
2023-07-12,32280.05078,32312.02930,31791.71094,31943.92969,88400000,-0.00806,0.01488,42.36025,136.12295,-255.22559,-0.00997,-3.00051,7.72254,7.72074,29.98402,-3.76592,-1.92009,7.86636,0.67422,-0.64131,0.36336,,,14.84000,-1.52621,2,mid|low|neg
2023-07-13,32106.05078,32484.40039,31952.98047,32419.33008,77800000,0.01488,-0.00087,49.17955,107.73448,-226.89125,0.24223,-1.64988,31.84110,15.89707,28.51717,-2.45173,-2.22729,7.73576,0.74112,-0.83441,1.01011,,,13.54000,-8.76011,3,mid|low|neg
2023-07-14,32587.90039,32780.62891,32225.36914,32391.25977,90300000,-0.00087,0.00317,48.81234,82.02583,-202.07991,0.25338,-1.75007,33.59310,24.38558,26.52895,-2.40374,-2.24053,7.52391,0.84702,-1.28677,-0.37436,,,13.61000,0.51698,4,mid|low|neg
2023-07-18,32457.17969,32714.58984,32338.30078,32493.89062,81100000,0.00317,0.01238,50.27428,69.13604,-171.97577,0.32248,-1.44593,43.95470,36.46296,24.68275,-3.73130,-2.06313,7.31658,0.38554,0.43962,0.72663,,,13.48000,-0.95518,1,mid|high|neg
2023-07-19,32812.35938,32896.03125,32671.02930,32896.03125,81900000,0.01238,-0.01233,55.62255,90.32892,-120.62631,0.53078,-0.21139,85.75658,54.43479,23.25811,-1.57525,-1.62844,7.06304,0.71173,0.03389,0.08806,,,13.30000,-1.33531,2,mid|high|neg
2023-07-20,32803.35156,32861.01953,32462.85938,32490.51953,75600000,-0.01233,-0.00573,49.80530,73.55512,-109.92008,0.34748,-1.32033,63.27952,64.33027,21.72497,-2.54413,-1.17549,6.72597,0.23579,0.21480,-0.41710,,,13.76000,3.45865,3,mid|low|neg
2023-07-21,32336.85938,32462.43945,32080.94922,32304.25000,79400000,-0.00573,0.01228,47.35534,44.71592,-111.00743,0.27334,-1.74506,46.41217,65.14942,21.07086,-1.43035,-1.10348,6.38356,-0.67569,0.41072,1.08577,,,13.99000,1.67151,4,mid|low|neg
2023-07-24,32648.14062,32793.76953,32554.46094,32700.93945,83500000,0.01228,-0.00056,52.69246,53.25626,-81.97367,0.48557,-0.41673,82.33377,64.00849,19.71598,0.96491,-0.79378,6.05153,0.03241,0.19054,0.10416,,,13.60000,-2.78770,0,mid|high|neg
2023-07-25,32705.39062,32715.56055,32509.93945,32682.50977,101000000,-0.00056,-0.00043,52.42654,57.87032,-61.88769,0.47624,-0.38939,80.66490,69.80361,18.55071,1.53086,-0.59560,5.74095,0.40342,1.34845,-0.16067,,,13.91000,2.27941,1,mid|high|neg
2023-07-26,32704.96094,32724.25000,32488.51953,32668.33984,85200000,-0.00043,0.00682,52.20838,59.69548,-48.05002,0.46516,-0.34503,75.85587,79.61818,17.51580,1.44322,-0.64712,5.41272,0.28147,-0.16084,-0.34694,,,13.86000,-0.35946,2,mid|high|neg
2023-07-27,32523.68945,32938.58984,32503.68945,32891.16016,90900000,0.00682,-0.00401,55.35453,78.21999,-23.62041,0.59372,0.41849,94.46975,83.66350,16.48415,2.96529,-0.31949,5.08267,-0.01554,-0.43033,-1.23486,,,13.19000,-4.83406,3,mid|high|neg
2023-07-28,32444.41992,32846.96875,32037.55078,32759.23047,170500000,-0.00401,0.01261,53.12458,81.31780,-16.41808,0.53611,0.07750,80.09416,83.47326,16.10588,1.04845,0.02009,4.78803,-0.64247,-0.38747,1.08601,,,14.41000,9.24943,4,up|high|neg
2023-07-31,33128.82812,33402.07812,33025.92969,33172.21875,134300000,0.01261,0.00918,58.72942,115.76309,14.42177,0.76930,1.29080,83.15465,85.90619,15.35317,2.41102,0.26017,4.60370,0.98778,-1.07077,0.17419,,,13.33000,-7.49479,0,up|high|pos
2023-08-01,33292.30859,33488.76953,33203.87891,33476.57812,110800000,0.00918,-0.02297,62.30643,165.71029,51.49517,0.98097,2.12314,99.15992,87.46958,14.82095,3.02422,0.64949,4.46311,0.14687,1.36392,-0.78138,,,13.63000,2.25056,1,up|high|pos
2023-08-02,33123.12109,33158.57812,32628.28906,32707.68945,124200000,-0.02297,-0.01677,50.41797,141.61842,21.92264,0.54180,-0.24303,46.17765,76.16407,14.35550,-0.57254,0.65270,4.28306,-0.26651,1.11184,-1.03245,,,13.93000,2.20103,2,up|high|pos
2023-08-03,32375.84961,32467.06055,32142.25000,32159.27930,120300000,-0.01677,0.00104,43.97320,77.38132,-33.85156,0.20061,-1.79169,8.38802,51.24186,14.71040,-1.01950,0.33291,3.98976,-1.38395,0.45460,-0.74404,,,16.09000,15.50610,3,up|low|neg
2023-08-04,32019.06055,32294.69922,31934.34961,32192.75000,106600000,0.00104,0.00192,44.43999,28.84130,-65.91327,0.24950,-1.56426,16.62359,23.72975,15.34221,-0.34516,0.11428,3.69598,-0.25480,0.26159,-0.53661,,,15.92000,-1.05656,4,up|low|neg
2023-08-07,31921.27930,32306.86914,31830.23047,32254.56055,94100000,0.00192,0.00380,45.34560,-4.58655,-79.47290,0.29901,-1.26241,25.58457,16.86539,16.07911,-1.36503,-0.33299,3.42025,-0.53001,-0.52042,0.45091,,,17.10000,7.41206,0,mid|low|neg
2023-08-08,32430.60938,32539.88086,32238.58984,32377.28906,91800000,0.00380,-0.00534,47.18634,-20.93389,-76.65618,0.37375,-0.71943,32.98437,25.06418,16.20525,-0.93390,-0.83894,3.08193,0.90241,-0.50632,-0.08428,,,15.77000,-7.77778,1,mid|low|neg
2023-08-09,32346.32031,32407.84961,32175.64062,32204.33008,104500000,-0.00534,0.00836,44.89170,-47.30036,-82.41813,0.25371,-1.10201,22.55597,27.04164,16.42666,-1.42037,-0.99972,2.77428,-0.42183,0.45673,-0.27161,,,15.99000,1.39505,2,mid|low|neg
2023-08-10,32015.96094,32504.84961,32015.96094,32473.65039,108000000,0.00836,-0.01274,49.04679,-45.93458,-64.84188,0.41569,-0.16886,38.79438,31.44491,16.89909,-1.26937,-0.70112,2.49646,-0.70387,0.52903,0.17352,,,15.96000,-0.18762,3,mid|low|neg
2023-08-14,32456.72070,32613.99023,32031.53906,32059.91016,95600000,-0.01274,0.00558,43.60721,-77.34597,-77.00262,0.13748,-1.35429,13.84831,25.06622,17.04816,-2.13473,-0.69571,2.25766,-0.10697,0.78412,0.73328,,,14.84000,-7.01754,0,mid|low|neg
2023-08-15,32372.52930,32403.92969,32217.51953,32238.89062,75100000,0.00558,-0.01464,46.37774,-86.79696,-69.16288,0.27413,-0.78532,30.76455,27.80241,17.18658,-2.81358,-0.68708,2.08386,0.57505,-0.02554,-0.92711,,,14.82000,-0.13477,1,mid|low|neg
2023-08-16,31965.58008,31997.27930,31766.82031,31766.82031,84800000,-0.01464,-0.00443,40.69835,-130.87047,-90.58911,0.02145,-2.18719,0.00000,14.87095,18.10391,-5.10733,-1.01129,1.88772,-1.15509,0.42812,-0.24183,,,16.46000,11.06612,2,mid|low|neg
2023-08-17,31621.98047,31704.08008,31309.67969,31626.00000,87700000,-0.00443,-0.00554,39.15788,-175.14312,-107.88941,0.01603,-2.55147,24.25192,18.33882,19.60345,-3.30714,-1.29722,1.68049,-0.75554,0.11758,-0.77784,,,16.78000,1.94412,3,mid|low|neg
2023-08-18,31321.25977,31644.89062,31275.25000,31450.75977,74800000,-0.00554,0.00365,37.26745,-221.81302,-123.64745,0.00507,-3.03249,13.11007,12.45400,21.04112,-2.20316,-1.86793,1.50867,-0.77129,0.49791,0.02938,,,17.89000,6.61501,4,mid|low|neg
2023-08-21,31552.84961,31758.69922,31409.85938,31565.64062,69500000,0.00365,0.00922,39.33510,-246.68569,-118.81609,0.11056,-2.57572,21.69133,19.68444,22.01972,-1.94798,-2.06961,1.29856,-0.01487,-0.42300,0.74245,,,17.30000,-3.29793,0,mid|low|neg
2023-08-22,31792.59961,31906.09961,31693.75977,31856.71094,70200000,0.00922,0.00482,44.34071,-240.14230,-89.81816,0.27417,-1.61243,43.43344,26.07828,22.47181,-1.23347,-2.24101,1.11795,0.68792,-0.28069,-0.30358,,,17.13000,-0.98266,1,mid|low|neg
2023-08-23,31717.91016,32039.59961,31717.91016,32010.25977,65100000,0.00482,0.00865,46.83298,-220.03014,-55.76481,0.36305,-1.07911,54.90309,40.00929,22.48615,-1.13360,-2.03211,0.92892,-0.27775,0.64211,-0.04767,,,16.97000,-0.93403,2,mid|low|neg
2023-08-24,32130.51953,32297.91016,32063.14062,32287.21094,73400000,0.00865,-0.02053,51.08721,-179.67232,-12.32558,0.50519,-0.14810,75.59054,57.97569,21.76009,0.25736,-1.54935,0.72544,1.10449,-0.32482,-1.84968,,,15.98000,-5.83382,3,mid|high|neg
2023-08-25,31840.91016,31885.52930,31572.06055,31624.27930,65700000,-0.02053,0.01726,42.35150,-198.88883,-25.23367,0.21258,-2.09338,30.92368,53.80577,22.00845,-2.61557,-1.33630,0.51305,-1.34580,-0.74779,0.74538,,,17.20000,7.63455,4,mid|low|neg
2023-08-28,31915.67969,32205.48047,31881.92969,32169.99023,69900000,0.01726,0.00177,49.93999,-168.14546,4.40775,0.49308,-0.38733,87.49145,64.66856,21.40110,0.34336,-0.94562,0.36960,0.67180,0.96355,0.34196,,,15.68000,-8.83721,0,mid|low|pos
2023-08-29,32280.57031,32389.11914,32186.57031,32226.97070,77500000,0.00177,0.00330,50.67016,-137.59714,27.96486,0.55114,-0.15228,85.44277,67.95264,20.39337,-0.03697,-0.65801,0.19282,0.62646,0.31767,0.59897,,,15.08000,-3.82653,1,mid|high|pos
2023-08-30,32432.94922,32557.44922,32300.56055,32333.46094,89100000,0.00330,0.00884,52.07701,-103.60026,49.56939,0.69645,0.22101,82.53093,85.15505,19.06478,1.78375,-0.41466,0.03739,1.45083,-0.04573,0.17486,,,14.45000,-4.17772,2,mid|high|pos
2023-08-31,32361.01953,32692.75977,32359.15039,32619.33984,114600000,0.00884,0.00280,55.72732,-52.97875,80.15272,0.93168,1.11326,94.27704,87.41691,17.88387,3.14090,-0.20270,-0.08337,0.38332,-0.32499,-0.36586,,,13.88000,-3.94463,3,down|high|pos
2023-09-01,32521.15039,32845.46094,32499.43945,32710.61914,88400000,0.00280,0.00699,56.85729,-5.43273,102.15899,0.94165,1.41891,89.41089,88.73962,17.12916,4.00582,0.49328,-0.21358,-0.15969,0.07603,0.15096,,,13.57000,-2.23343,4,mid|high|pos
2023-09-04,32797.32031,32939.17969,32714.93945,32939.17969,89600000,0.00699,0.00296,59.63538,50.11308,126.16384,1.01309,2.10478,100.00000,94.56264,16.63646,4.35137,0.94773,-0.28860,0.17991,-0.42847,-0.54397,,,13.09000,-3.53721,0,mid|high|pos
2023-09-05,32941.41016,33036.76172,32784.32031,33036.76172,91300000,0.00296,0.00618,60.79609,100.84511,141.51670,0.99234,2.42446,100.00000,96.47030,16.39728,3.70425,1.46681,-0.39682,0.17991,0.40145,0.22169,,,13.09000,0.00000,1,mid|high|pos
2023-09-06,33115.05859,33282.14844,33088.21875,33241.01953,94200000,0.00618,-0.00752,63.18262,155.73727,157.12709,1.01748,3.08784,97.59492,99.19831,16.69805,3.84489,2.05936,-0.51416,-0.41942,0.33274,-0.34903,,,14.01000,7.02827,2,mid|high|pos
2023-09-07,33118.55078,33322.44922,32986.35156,32991.07812,100200000,-0.00752,-0.01165,58.49052,177.03082,142.73651,0.85084,2.27676,76.99642,91.53045,16.66403,2.18002,2.25399,-0.56236,-0.69716,0.63326,-0.29122,,,14.45000,3.14061,3,mid|high|pos
2023-09-08,32916.25000,32920.42969,32512.80078,32606.83984,114100000,-0.01165,-0.00427,52.08663,161.04486,101.40044,0.66179,1.02950,36.99950,70.53028,15.59373,3.10698,2.13296,-0.58580,-0.32113,0.16139,0.48505,,,14.40000,-0.34602,4,mid|high|pos
2023-09-11,32690.53906,32746.14062,32391.68945,32467.75977,84200000,-0.00427,0.00951,49.95465,135.59028,60.75669,0.58572,0.56430,16.36178,43.45257,14.88568,0.92561,1.80613,-0.61994,0.14266,-0.25591,0.59210,,,13.84000,-3.88889,0,mid|low|pos
2023-09-12,32629.16016,32799.69141,32486.48047,32776.37109,94000000,0.00951,-0.00213,54.41352,138.72061,51.10961,0.71610,1.45459,43.31166,32.22431,14.08470,1.70478,1.57915,-0.63155,0.67235,-0.14796,0.05684,,,13.80000,-0.28902,1,mid|high|pos
2023-09-13,32742.28906,32872.44141,32616.65039,32706.51953,98100000,-0.00213,0.01411,53.25691,134.02008,37.12727,0.66412,1.19712,33.82506,31.16617,13.14055,1.15378,1.20700,-0.65105,-0.56959,-0.29570,0.45398,,,14.23000,3.11594,2,mid|high|pos
2023-09-14,32925.53906,33244.44922,32851.23828,33168.10156,112100000,0.01411,0.01100,59.39847,165.63139,54.99086,0.84784,2.50303,83.41703,53.51792,13.07442,1.68232,1.19584,-0.60750,0.12416,0.32725,0.59364,,,13.48000,-5.27056,3,mid|high|pos
2023-09-15,33428.44141,33634.30859,33391.46094,33533.08984,166600000,0.01100,-0.00866,63.48409,217.62643,85.58872,0.97229,3.49546,91.85440,69.69883,13.81362,2.51438,1.63523,-0.58504,0.84299,0.12775,-0.97841,,,12.82000,-4.89614,4,mid|high|pos
2023-09-19,33296.23047,33337.23047,33128.85938,33242.58984,117200000,-0.00866,-0.00658,58.44326,232.70942,80.53737,0.81139,2.44928,68.47636,81.24926,13.75271,0.92112,1.96464,-0.52513,0.07213,0.26173,0.05237,,,14.00000,9.20437,1,mid|high|pos
2023-09-20,33261.35156,33267.14062,32988.64844,33023.78125,113500000,-0.00658,-0.01371,54.90682,224.41980,57.79820,0.68070,1.67656,50.86770,70.39949,13.32116,-0.03929,2.01843,-0.48987,-0.21510,-0.17786,-0.02659,,,14.11000,0.78571,2,mid|high|pos
2023-09-21,32865.55859,32939.89062,32550.65039,32571.02930,107900000,-0.01371,-0.00518,48.38296,179.25063,10.10322,0.41933,0.18337,14.43241,44.59216,12.85914,-2.01555,1.83414,-0.40570,-0.93948,0.09282,-1.12379,,,15.14000,7.29979,3,mid|low|pos
2023-09-22,32189.32031,32535.66992,32154.52930,32402.41016,109800000,-0.00518,0.00852,46.18214,128.36783,-32.62366,0.31880,-0.43039,16.75120,27.35044,13.20434,-1.78432,1.26637,-0.30631,-1.64009,0.39190,0.27032,,,17.54000,15.85205,4,mid|low|neg
2023-09-25,32517.25977,32722.22070,32388.27930,32678.61914,82100000,0.00852,-0.01113,50.17986,109.07328,-41.53457,0.43476,0.26704,35.41676,22.20012,13.05640,0.22014,0.58942,-0.18704,-0.22956,-0.45644,-0.07228,,,17.20000,-1.93843,0,mid|high|neg
2023-09-26,32640.05078,32643.41016,32315.05078,32315.05078,86500000,-0.01113,0.00176,45.39941,63.71086,-69.51759,0.16625,-0.93960,10.84766,21.00521,13.06513,-0.47034,-0.07168,-0.12271,0.40231,0.53508,-0.85115,,,16.90000,-1.74419,1,down|low|neg
2023-09-27,32023.36914,32371.90039,31960.32031,32371.90039,105600000,0.00176,-0.01543,46.26150,31.97946,-80.99919,0.19286,-0.82797,24.58680,23.61707,13.73803,-1.23403,-0.53418,-0.06397,-1.47345,0.25398,-0.02132,,,18.94000,12.07101,2,down|low|neg
2023-09-28,32119.36914,32164.44922,31674.41992,31872.51953,115900000,-0.01543,-0.00047,40.24969,-33.08240,-116.84884,-0.08505,-2.34136,10.10770,15.18072,14.83418,-2.54995,-0.94544,-0.05793,0.02293,0.15724,0.46272,,,18.22000,-3.80148,3,down|low|neg
2023-09-29,32018.64062,32027.46094,31717.74023,31857.61914,132000000,-0.00047,-0.00307,40.08231,-84.86843,-134.90790,-0.00647,-2.33559,11.01744,15.23731,15.85203,-3.95103,-1.22729,-0.06318,0.58932,0.30394,-0.08670,,,17.34000,-4.82985,4,down|low|neg
2023-10-02,32101.97070,32401.58008,31759.88086,31759.88086,103100000,-0.00307,-0.01643,38.93849,-132.27115,-145.84849,0.01919,-2.65141,5.36572,8.83029,15.74231,-5.28794,-1.80692,0.02464,-0.27096,-0.10769,-0.55063,,,17.52000,1.03806,0,mid|low|neg
2023-10-03,31607.97070,31607.97070,31157.40039,31237.93945,109600000,-0.01643,-0.02276,33.44903,-209.53902,-178.49309,-0.09793,-4.14169,4.51835,6.96717,16.65372,-6.03037,-2.35564,0.00221,0.00794,0.13593,-1.43396,,,17.61000,0.51370,1,mid|low|neg
2023-10-04,30765.02930,30830.84961,30487.66992,30526.88086,137200000,-0.02276,0.01797,27.71638,-324.41124,-234.69225,-0.18013,-6.12779,1.75476,3.87961,18.34481,-7.56092,-3.28616,-0.07649,-1.37441,0.20797,0.59986,,,19.78000,12.32254,2,down|cold|neg
2023-10-05,30733.65039,31083.90039,30565.32031,31075.35938,114200000,0.01797,-0.00260,36.72472,-366.96058,-221.79327,0.07265,-4.29308,26.30012,10.85774,19.28299,-4.59203,-3.62729,-0.13722,0.81098,-0.43977,-0.06552,,,18.58000,-6.06674,3,down|low|neg
2023-10-06,31003.94922,31160.44922,30928.16016,30994.66992,94600000,-0.00260,0.02426,36.01365,-402.55183,-205.90762,0.10078,-4.35014,23.51860,17.19116,19.96510,-4.34455,-3.96663,-0.23915,-0.13040,-0.15148,1.00124,,,18.49000,-0.48439,4,down|low|neg
2023-10-10,31314.66992,31818.25977,31314.66992,31746.52930,101000000,0.02426,0.00598,46.42330,-365.87185,-135.38211,0.35230,-1.91317,65.77421,38.53098,19.15333,-2.85229,-3.86045,-0.28302,0.63039,0.46948,0.16843,,,17.70000,-4.27257,1,down|low|neg
2023-10-11,31847.09961,32037.07031,31804.08984,31936.50977,89500000,0.00598,0.01748,48.69457,-317.80935,-69.85569,0.42037,-1.20376,75.70051,54.99778,17.98641,-1.17141,-3.30896,-0.35221,0.52080,-0.55847,0.15183,,,17.03000,-3.78531,2,down|low|neg
2023-10-12,32120.93945,32494.66016,32120.93945,32494.66016,100600000,0.01748,-0.00550,54.76223,-232.00697,12.75735,0.60125,0.59036,100.00000,80.49158,17.28705,0.37922,-2.02577,-0.40731,0.42930,0.20294,-0.65596,,,16.09000,-5.51967,3,down|high|pos
2023-10-13,32328.39062,32533.08008,32249.02930,32315.99023,91500000,-0.00550,-0.02033,52.61702,-176.39180,54.69802,0.55128,0.15199,89.38649,88.36233,16.70053,1.39139,-1.14444,-0.50573,-0.62464,0.27450,-1.25631,,,16.69000,3.72903,4,down|high|pos
2023-10-16,31983.03906,31999.78906,31564.31055,31659.02930,84500000,-0.02033,0.01204,45.55123,-183.21564,38.29934,0.35933,-1.72174,57.26770,82.21806,16.07061,-0.62337,-0.56846,-0.63410,-0.50189,0.50592,1.04542,,,19.32000,15.75793,0,down|low|pos
2023-10-17,32063.78906,32260.76953,31901.39062,32040.28906,75600000,0.01204,0.00006,49.76711,-156.06014,52.36387,0.51270,-0.46819,75.90747,74.18722,15.02344,0.88290,-0.31595,-0.65687,1.05944,-0.14954,0.29560,,,17.21000,-10.92133,1,down|low|pos
2023-10-18,32033.81055,32101.47070,31866.94922,32042.25000,83200000,0.00006,-0.01909,49.78865,-132.84957,60.45955,0.53945,-0.40944,75.05640,69.41053,14.11060,2.57479,-0.19749,-0.66067,-0.00982,0.00803,-1.34900,,,17.88000,3.89309,2,down|low|pos
2023-10-19,31579.53906,31669.41992,31399.16992,31430.61914,80700000,-0.01909,-0.00545,43.52168,-161.94177,25.09389,0.30733,-2.14673,31.30742,60.75710,14.03129,2.96047,-0.69277,-0.75503,-1.33998,0.12101,-0.43149,,,19.22000,7.49441,3,down|low|pos
2023-10-20,31164.89062,31428.97070,31093.90039,31259.35938,84500000,-0.00545,-0.00831,41.93018,-196.55105,-7.61232,0.25651,-2.50421,11.49676,39.28686,14.40372,0.59211,-1.17259,-0.83200,-0.84828,-0.01135,-0.68574,,,21.40000,11.34235,4,down|low|neg
2023-10-23,31151.98047,31177.41016,30974.25977,30999.55078,73500000,-0.00831,0.00203,39.56639,-242.15216,-42.57074,0.17596,-3.05225,1.62245,14.80887,14.91916,0.01575,-1.31698,-1.00137,-1.25853,0.04007,-0.14371,,,21.71000,1.44860,0,down|low|neg
2023-10-24,31157.00977,31210.25977,30551.66992,31062.34961,97900000,0.00203,0.00668,40.44040,-270.11037,-56.42316,0.22681,-2.55467,25.77355,12.96425,15.96102,-2.15513,-1.62460,-1.21453,-0.16856,0.05207,0.50753,,,20.37000,-6.17226,1,down|low|neg
2023-10-25,31302.50977,31466.91992,31195.58008,31269.91992,78700000,0.00668,-0.02137,43.35640,-272.37845,-46.95299,0.34274,-1.66008,36.24944,21.21514,16.35735,-2.08723,-1.86626,-1.39782,0.72658,-0.07406,-0.79923,,,18.97000,-6.87286,2,down|low|neg
2023-10-26,30902.91992,30943.33008,30567.60938,30601.77930,85600000,-0.02137,0.01274,37.06575,-324.35037,-79.13993,0.07380,-3.46719,2.93192,21.65163,17.50980,-5.82521,-2.08927,-1.62557,-1.43396,0.05676,0.04320,,,20.19000,6.43121,3,down|low|neg
2023-10-27,30713.78906,31081.48047,30687.33008,30991.68945,89100000,0.01274,-0.00951,42.32486,-330.26887,-68.04675,0.27950,-2.04201,25.74569,21.64235,18.27629,-4.09797,-2.06297,-1.77291,-1.18325,0.16283,-1.32839,,,20.68000,2.42694,4,down|low|neg
2023-10-30,30663.48047,30762.50000,30538.28906,30696.96094,187000000,-0.00951,0.00527,39.62910,-354.65323,-73.94489,0.17936,-2.76392,10.15057,12.94273,19.17223,-3.03884,-2.04304,-1.92354,-0.48003,0.17854,-0.28329,,,21.27000,2.85300,0,down|low|neg
2023-10-31,30694.96094,30973.66016,30552.65039,30858.84961,134300000,0.00527,0.02407,41.82105,-356.80196,-60.87489,0.27527,-2.02522,28.33983,21.41203,19.51845,-3.68736,-1.94587,-2.10568,1.20100,-0.42097,1.52679,,,19.75000,-7.14622,1,down|low|neg
2023-11-01,31311.22070,31601.65039,31301.50977,31601.65039,130100000,0.02407,0.01102,50.67109,-295.16455,0.61001,0.59860,0.42411,100.00000,46.16347,18.57562,-1.37506,-1.64612,-2.16122,0.64750,-0.41541,0.86499,,,18.14000,-8.15190,2,down|high|pos
2023-11-02,31987.01953,32087.13086,31878.35938,31949.89062,121100000,0.01102,0.02374,54.18942,-215.72959,64.03598,0.73147,1.58525,91.13917,73.15967,17.60397,1.65212,-0.73606,-2.19581,1.05060,1.46402,1.06451,,,16.87000,-7.00109,3,down|high|pos
2023-11-06,32450.82031,32766.53906,32395.50000,32708.48047,139400000,0.02374,-0.01335,60.75577,-90.52148,151.39528,0.99309,3.88675,97.39443,96.17787,17.63826,4.63580,0.24907,-2.10054,0.93937,-0.05180,-0.30109,,,14.91000,-11.61826,0,mid|high|pos
2023-11-07,32551.76953,32591.10938,32250.92969,32271.82031,106700000,-0.01335,-0.00326,55.79788,-26.22566,172.55288,0.77971,2.44594,77.79788,88.77716,17.41158,4.10415,1.19621,-2.02366,0.17530,-0.69635,0.69156,,,14.89000,-0.13413,1,mid|high|pos
2023-11-08,32457.23047,32512.16992,32049.33984,32166.48047,156200000,-0.00326,0.01492,54.63950,16.04425,171.85823,0.72291,2.05885,73.07041,82.75424,16.84136,3.55456,1.97377,-1.95990,0.28401,0.36132,0.44618,,,14.81000,-0.53727,2,mid|high|pos
2023-11-09,32316.39062,32723.71094,32193.19922,32646.46094,115500000,0.01492,-0.00240,58.83318,87.26790,194.46550,0.88078,3.39692,94.61110,81.82646,16.61830,4.40213,2.45362,-1.79859,0.10049,0.27135,-0.51746,,,14.45000,-2.43079,3,mid|high|pos
2023-11-10,32491.24023,32598.92969,32248.24023,32568.10938,111300000,-0.00240,0.00052,57.89227,135.82513,194.41819,0.84671,2.88271,91.09482,86.25878,16.41118,6.42554,2.57996,-1.53922,-0.80838,0.31118,0.97301,,,15.29000,5.81315,4,mid|high|pos
2023-11-13,32818.14844,32913.30859,32499.27930,32585.10938,90600000,0.00052,0.00340,58.04904,173.67681,185.81589,0.83982,2.74042,86.09713,90.60102,16.68403,5.14144,2.30684,-1.34740,1.56164,0.32148,0.59810,,,14.17000,-7.32505,0,mid|high|pos
2023-11-14,32760.50977,32836.26953,32667.40039,32695.92969,88100000,0.00340,0.02519,59.11756,210.19382,177.86632,0.84332,2.86911,86.51327,87.90174,16.93739,6.51194,2.35467,-1.13686,-0.08358,0.07928,1.57228,,,14.76000,4.16373,1,mid|high|pos
2023-11-15,33112.30859,33556.51953,33096.92969,33519.69922,123800000,0.02519,-0.00284,66.04159,302.12246,215.83597,1.03292,5.22607,97.80591,90.13877,18.12446,8.62265,2.97638,-0.94206,1.90750,0.11686,-0.40185,,,14.16000,-4.06504,2,mid|high|pos
2023-11-16,33399.58984,33614.12891,33233.83984,33424.41016,94200000,-0.00284,0.00481,64.67702,363.10192,221.45234,0.94177,4.73126,87.87576,90.73165,19.29407,5.76793,3.27187,-0.78435,0.15970,-0.76560,-0.05807,,,14.18000,0.14125,3,mid|high|pos
2023-11-17,33344.85156,33599.62891,33263.67188,33585.19922,93200000,0.00481,-0.00587,65.95530,419.56641,222.33347,0.92360,5.09143,98.15121,94.61096,20.38014,5.11835,3.76742,-0.66575,0.11904,0.48510,-0.16436,,,14.32000,0.98730,4,mid|high|pos
2023-11-20,33559.62109,33853.46094,33352.69141,33388.03125,94900000,-0.00587,-0.00102,62.94709,443.29510,196.84972,0.83240,4.33448,74.20186,86.74294,21.70484,2.07760,4.13018,-0.52881,0.12820,-0.33726,-0.02405,,,13.80000,-3.63128,0,mid|high|pos
2023-11-21,33453.14844,33460.32031,33254.73047,33354.14062,91900000,-0.00102,0.00293,62.42009,454.13062,166.14820,0.79252,4.00820,69.92520,80.75942,22.66379,3.35376,4.32051,-0.34475,0.73903,-0.50629,-0.46213,,,13.41000,-2.82609,1,mid|high|pos
2023-11-22,33182.98828,33593.50000,33182.98828,33451.82812,75600000,0.00293,0.00519,63.37199,465.23745,141.80402,0.78701,4.12948,74.97959,73.03555,23.73248,3.99592,4.09491,-0.22272,-0.20209,-1.05374,0.95113,,,13.35000,-0.44742,2,mid|high|pos
2023-11-24,33752.05078,33817.85938,33622.57031,33625.53125,80700000,0.00519,-0.00529,65.06646,482.49419,127.24861,0.79857,4.46425,83.16846,76.02442,25.01545,2.99901,4.01507,-0.08531,0.40611,0.88289,0.34042,,,12.85000,-3.74532,4,mid|high|pos
2023-11-27,33710.03125,33811.41016,33397.03906,33447.67188,82700000,-0.00529,-0.00117,61.90839,476.32771,96.86570,0.73509,3.65189,65.78682,74.64495,25.53922,2.70069,3.66976,0.11570,0.05969,0.11708,0.23119,,,12.46000,-3.03502,0,up|high|pos
2023-11-28,33520.39062,33545.85156,33298.03906,33408.39062,84100000,-0.00117,-0.00261,61.20187,462.93464,66.77810,0.70490,3.25510,41.16961,63.37496,25.73973,2.52656,3.40692,0.33959,-0.19542,-0.04277,-0.35437,,,12.69000,1.84590,1,up|high|pos
2023-11-29,33244.42969,33516.23047,33179.07031,33321.21875,89200000,-0.00261,0.00497,59.57697,440.21200,35.24437,0.66536,2.69093,21.07806,42.67816,25.58068,1.91244,3.09067,0.58114,0.09801,-0.74814,-0.13871,,,12.69000,0.00000,2,up|high|pos
2023-11-30,33260.14062,33486.89062,33161.07031,33486.89062,152200000,0.00497,-0.00165,61.66034,430.60869,20.51285,0.71812,2.89397,47.05730,36.43499,25.37918,-0.09788,2.80502,0.83953,-0.09462,-0.93565,0.15860,,,12.98000,2.28526,3,up|high|pos
2023-12-01,33537.44141,33551.57031,33397.42188,33431.51172,87600000,-0.00165,-0.00599,60.53718,413.75982,2.93118,0.68112,2.45163,39.05908,35.73148,25.31928,0.02125,2.41370,1.05017,0.37841,-0.01632,0.11513,,,12.92000,-0.46225,4,up|high|pos
2023-12-04,33318.07031,33324.37891,33023.03906,33231.26953,87300000,-0.00599,-0.01371,56.52766,379.87019,-24.76676,0.56272,1.51078,26.19843,37.43827,24.14584,-1.05383,1.95245,1.33436,0.58737,0.65288,-0.54548,,,12.63000,-2.24458,0,up|high|neg
2023-12-05,33022.37891,33089.82031,32726.67969,32775.82031,86100000,-0.01371,0.02044,48.63712,312.65735,-73.58368,0.31214,-0.09825,4.50344,23.25365,22.53863,-1.83362,1.34506,1.51300,-0.54085,-1.08513,0.39413,,,13.08000,3.56294,1,up|low|neg
2023-12-06,32928.92188,33452.12891,32914.08984,33445.89844,91200000,0.02044,-0.01757,57.93944,309.88819,-61.08227,0.66017,1.60364,65.91204,32.20464,21.63161,0.27510,1.08228,1.77681,-0.05689,0.63800,-0.85481,,,12.85000,-1.75841,2,up|high|neg
2023-12-07,33165.71875,33195.87109,32814.69141,32858.30859,105100000,-0.01757,-0.01675,49.47728,257.31387,-90.92527,0.25210,-0.42330,12.13471,27.51673,20.53591,-1.77425,0.45631,1.96492,-0.39062,-0.09638,-1.25785,,,12.97000,0.93385,3,up|low|neg
2023-12-08,32600.47070,32604.34961,32205.38086,32307.85938,144200000,-0.01675,0.01498,43.12329,169.28034,-143.16704,-0.06881,-2.17518,7.61249,28.55308,19.95420,-3.91866,-0.31008,2.02101,0.79682,-0.00067,1.02805,,,13.06000,0.69391,4,mid|low|neg
2023-12-11,32665.08984,32933.07812,32650.09961,32791.80078,105800000,0.01498,0.00158,49.28925,136.98409,-140.37064,0.22328,-0.81099,43.56147,21.10289,18.67013,-1.96089,-0.67749,2.08572,0.40955,-1.97440,0.93987,,,12.35000,-5.43645,0,mid|low|neg
2023-12-12,33107.64844,33172.12891,32800.23828,32843.69922,98100000,0.00158,0.00252,49.91631,114.25973,-130.47599,0.23690,-0.67026,47.41668,32.86355,17.68816,-1.69027,-0.65268,2.06740,0.39245,0.48864,0.36933,,,12.63000,2.26720,1,mid|low|neg
2023-12-13,32973.46875,33104.46875,32864.37891,32926.35156,100000000,0.00252,-0.00729,50.95642,101.74699,-114.39099,0.27822,-0.49908,53.55641,48.17819,16.77633,-1.18503,-1.04529,2.12135,0.45994,0.76009,-0.00410,,,12.07000,-4.43389,2,mid|high|neg
2023-12-14,33032.30078,33120.55078,32515.03906,32686.25000,133400000,-0.00729,0.00870,47.84780,71.63065,-115.60586,0.14703,-1.28667,38.56987,46.51432,15.99740,-2.39091,-1.21134,2.14088,1.36507,-0.55105,0.08796,,,12.19000,0.99420,3,mid|low|neg
2023-12-15,32760.56055,33122.32812,32732.66016,32970.55078,141100000,0.00870,-0.00642,51.61201,69.89819,-93.87066,0.36183,-0.46704,61.37326,51.16651,15.26985,-1.37882,-0.84989,2.14724,0.26471,-1.72564,-0.85091,,,12.48000,2.37900,4,mid|high|neg
2023-12-18,32769.23047,32790.57812,32541.23047,32758.98047,106900000,-0.00642,0.01405,48.78979,50.86688,-90.32157,0.23981,-1.12853,44.40349,48.11554,15.00691,-1.42122,-0.89255,2.14844,-0.00762,-0.34600,0.15574,,,12.28000,-1.60256,0,mid|low|neg
2023-12-19,32774.21094,33219.39062,32654.42969,33219.39062,106300000,0.01405,0.01374,54.60687,72.10451,-55.26715,0.57346,0.18434,100.00000,68.59225,14.13457,1.35335,-0.74178,2.18944,0.45283,0.02389,0.67915,,,12.56000,2.28014,1,mid|high|neg
2023-12-20,33467.32031,33824.05859,33467.32031,33675.94141,118000000,0.01374,-0.01590,59.51758,124.34198,-2.42375,0.87123,1.44130,90.84949,78.41766,14.46108,0.68781,-0.40739,2.26585,0.58664,0.28739,-1.76964,,,12.53000,-0.23886,2,mid|high|neg
2023-12-21,33276.80859,33337.83984,33097.78906,33140.46875,95600000,-0.01590,0.00086,52.36260,121.13600,-4.50378,0.51590,-0.12605,47.77848,79.54266,13.93965,0.85872,-0.08809,2.20108,-1.46843,0.81768,0.61716,,,13.67000,9.09817,3,mid|high|neg
2023-12-22,33257.94922,33375.19141,33151.69922,33169.05078,89400000,0.00086,0.00256,52.68954,119.52378,-4.89280,0.55470,-0.00914,49.96195,62.86331,13.52493,2.66558,0.06235,2.15997,1.03015,-0.25437,0.57568,,,13.65000,-0.14631,4,up|high|neg
2023-12-25,33414.51172,33414.51172,33221.57031,33254.03125,58900000,0.00256,0.00156,53.70682,123.67761,-0.59118,0.62732,0.28709,56.45387,51.39810,13.21686,1.40959,0.40092,2.11007,0.16601,-1.01237,0.31866,,,13.03000,-4.54212,0,up|high|neg
2023-12-26,33295.67969,33312.26172,33181.35938,33305.85156,68300000,0.00156,0.01127,54.35139,129.65642,4.31011,0.67249,0.45333,60.41258,55.60947,12.83124,1.40713,0.46303,2.09723,0.16601,0.19145,0.73305,,,13.03000,0.00000,1,up|high|pos
2023-12-27,33532.96875,33755.75000,33521.51953,33681.23828,93700000,0.01127,-0.00420,58.82406,162.80849,29.96974,0.91752,1.54545,88.86676,68.57774,13.33978,2.29265,0.42660,2.10858,0.42317,-0.07868,-0.46387,,,12.99000,-0.30698,2,up|high|pos
2023-12-28,33477.46875,33571.73047,33411.23828,33539.62109,73300000,-0.00420,-0.00225,56.57209,175.62987,34.23289,0.81147,1.10779,77.82731,75.70222,13.52030,2.61080,0.65662,2.08031,0.14305,0.16241,-0.22249,,,12.43000,-4.31100,3,up|high|pos
2023-12-29,33458.64062,33652.71094,33305.17188,33464.17188,89000000,-0.00225,-0.00526,55.35619,177.65489,29.00633,0.75561,0.89997,69.23069,78.64159,13.40600,1.49716,0.85418,2.01874,0.03702,-0.74546,-0.29635,,,12.47000,0.32180,4,up|high|pos
2024-01-04,33193.05078,33299.39062,32693.17969,33288.28906,117300000,-0.00526,0.00268,52.52224,163.18634,11.63023,0.62889,0.38896,52.62362,66.56054,12.99347,1.61577,0.89423,1.97772,-0.80163,0.72913,0.11028,,,14.04000,12.59021,3,up|high|pos
2024-01-05,33397.51953,33568.03906,33257.42969,33377.42188,115300000,0.00268,0.01156,53.81271,157.10123,4.43609,0.67226,0.66152,64.39500,62.08310,12.10677,0.47572,0.94117,1.94586,-0.34284,0.59371,0.05266,,,14.13000,0.64103,4,up|high|pos
2024-01-09,33704.82812,33990.28125,33600.32031,33763.17969,112100000,0.01156,0.02010,59.00596,181.31606,22.92074,0.91167,1.77065,82.49161,66.50341,12.09546,0.25905,0.93678,1.97534,1.41146,-0.03385,0.37562,,,13.08000,-7.43100,1,up|high|pos
2024-01-10,33896.32812,34539.01953,33885.73828,34441.71875,106000000,0.02010,0.01766,66.20417,252.34999,75.16373,1.15950,3.69655,94.72864,80.53842,12.95265,3.92647,1.36391,2.05473,-0.14779,-0.33584,1.17091,,,12.76000,-2.44648,2,up|high|pos
2024-01-11,34871.32812,35157.55859,34849.57031,35049.85938,130100000,0.01766,0.01504,71.10183,353.64021,141.16316,1.24933,5.32226,95.62976,90.95001,14.52635,5.67037,2.11971,2.17798,0.56660,0.13728,0.36770,,,12.69000,-0.54859,3,up|hot|pos
2024-01-12,35601.64844,35839.64844,35362.23828,35577.10938,129200000,0.01504,0.00913,74.54595,471.02839,206.84107,1.21556,6.60602,91.65607,94.00483,16.66361,6.98585,3.20426,2.35909,-0.06711,0.90426,0.00812,,,12.44000,-1.97006,4,up|hot|pos
2024-01-15,35634.12109,36008.23047,35544.32031,35901.78906,105700000,0.00913,-0.00787,76.41041,583.53171,255.47552,1.14101,7.17735,96.78915,94.69166,18.79621,7.79424,4.32622,2.60285,0.07510,-0.47208,-0.89630,,,12.70000,2.09003,0,up|hot|pos
2024-01-16,35909.19922,35955.67969,35587.53125,35619.17969,103400000,-0.00787,-0.00397,71.50106,642.48107,251.53990,0.97782,6.05844,88.26411,92.23644,20.77648,5.75377,5.16145,2.73415,0.07510,0.07101,0.59187,,,12.70000,0.00000,1,up|hot|pos
2024-01-17,35850.17969,36239.21875,35476.51953,35477.75000,139500000,-0.00397,-0.00033,69.10808,670.06260,223.29715,0.89139,5.30878,78.52622,87.85982,22.87437,5.77862,5.44944,2.93715,-0.37313,0.44437,0.09090,,,13.84000,8.97638,2,up|high|pos
2024-01-18,35371.25000,35728.08984,35371.25000,35466.17188,100300000,-0.00033,0.01402,68.90477,683.11241,189.07756,0.84707,4.88111,74.07439,80.28824,24.53927,5.98252,5.30171,3.19068,-0.56169,0.99592,1.77304,,,14.79000,6.86416,3,up|high|pos
2024-01-19,35913.71875,36076.23047,35790.07031,35963.26953,104100000,0.01402,0.01623,72.62803,725.20638,184.93723,0.91595,5.95365,89.54301,80.71454,26.41563,8.03580,5.13569,3.42667,0.88053,0.59220,0.99193,,,14.13000,-4.46247,4,up|hot|pos
2024-01-22,36294.10156,36571.80078,36225.91016,36546.94922,100000000,0.01623,-0.00080,76.22738,796.48287,204.97097,0.97534,7.20541,99.07480,87.56407,28.56700,9.49602,5.05735,3.68113,1.23135,0.00676,0.28197,,,13.30000,-5.87403,0,up|hot|pos
2024-01-23,36605.30078,36984.51172,36436.07031,36517.57031,111500000,-0.00080,-0.00797,75.68788,840.90592,199.51522,0.90974,6.66975,78.12861,88.91547,30.85821,8.15797,5.14137,3.92164,0.21943,-0.00473,-0.04811,,,13.19000,-0.82707,1,up|hot|pos
2024-01-24,36415.66016,36471.39062,36104.89062,36226.48047,108600000,-0.00797,0.00028,70.37337,842.90650,161.21264,0.81545,5.38355,53.27352,76.82564,32.11913,5.18198,5.14387,4.16320,0.29214,0.01417,0.10633,,,12.55000,-4.85216,2,up|hot|pos
2024-01-25,36213.14062,36312.35938,35912.53906,36236.46875,94600000,0.00028,-0.01340,70.45004,835.66491,123.17684,0.78781,5.01352,53.63164,61.67792,32.81147,3.38549,5.19227,4.34832,0.08119,0.07358,-0.51459,,,13.14000,4.70120,3,up|hot|pos
2024-01-26,36003.00000,36060.39844,35687.57812,35751.07031,109600000,-0.01340,0.00772,62.04637,781.74681,55.40700,0.66819,3.24872,23.54363,43.48293,32.90980,0.48897,4.70611,4.49014,0.52604,-0.44519,0.55643,,,13.45000,2.35920,4,up|high|pos
2024-01-29,35814.28906,36186.87109,35813.76953,36026.94141,95500000,0.00772,0.00108,64.62881,752.60131,21.00919,0.70533,3.70908,40.64383,39.27303,33.14928,0.34860,4.06824,4.62060,-0.06518,0.08944,0.34157,,,13.26000,-1.41264,0,up|high|pos
2024-01-30,36196.64062,36249.03125,36039.30859,36065.85938,87900000,0.00108,0.00612,64.99071,724.29442,-5.83816,0.69273,3.53619,43.05621,35.74789,33.44637,1.25404,3.52329,4.69531,0.75568,0.28228,-0.27965,,,13.60000,2.56410,1,up|high|neg
2024-01-31,35747.89062,36292.53125,35704.57812,36286.71094,111100000,0.00612,-0.00759,67.05094,711.48038,-14.92175,0.72108,3.79521,46.19611,43.29872,32.86994,2.28019,3.18508,4.88273,-0.06006,-0.45362,-1.02437,,,13.31000,-2.13235,2,up|high|neg
2024-02-01,36008.55859,36146.35938,35924.60156,36011.46094,118100000,-0.00759,0.00407,62.14260,671.37559,-44.02124,0.63685,2.67396,24.97297,38.07510,32.33468,1.53749,2.72228,5.05259,-1.61057,-0.06713,0.48190,,,14.35000,7.81367,3,up|high|neg
2024-02-02,36249.98828,36441.08984,36083.60938,36158.01953,114800000,0.00407,0.00542,63.66768,643.99474,-57.12167,0.65914,2.75152,36.27336,35.81414,32.27211,0.54152,2.61449,5.24653,1.24937,-0.25311,0.71072,,,13.88000,-3.27526,4,up|high|neg
2024-02-05,36419.33984,36452.62109,36213.00000,36354.16016,130500000,0.00542,-0.00532,65.66140,630.85008,-56.21307,0.71500,2.95217,85.04356,48.76330,32.23077,-0.52751,2.44549,5.44141,1.06844,-0.37076,-0.08021,,,13.85000,-0.21614,0,up|high|neg
2024-02-06,36249.07812,36294.48047,36065.98047,36160.66016,134700000,-0.00532,-0.00113,62.04422,597.92648,-71.30933,0.63449,2.11739,61.83732,61.05141,31.77017,-0.97737,2.21211,5.54839,-0.31863,1.39979,-0.43047,,,13.67000,-1.29964,1,up|high|neg
2024-02-07,36002.98828,36195.50000,35854.62891,36119.92188,126500000,-0.00113,0.02058,61.27884,562.06789,-85.73434,0.59628,1.70590,56.51235,67.79774,30.75874,-0.29415,1.82113,5.68468,0.23104,0.09360,0.45703,,,13.06000,-4.46232,2,up|high|neg
2024-02-08,36258.83984,36956.96875,36206.19922,36863.28125,151000000,0.02058,0.00093,68.83392,586.86754,-48.74775,1.05636,3.40316,92.51931,70.28966,31.00441,1.72978,1.91068,5.88674,0.82415,-0.55302,0.58084,,,12.83000,-1.76111,3,up|high|neg
2024-02-09,36915.44141,37287.26172,36807.03125,36897.42188,146800000,0.00093,0.02891,69.13181,602.33298,-26.62584,0.99983,3.08150,75.36843,74.80003,31.63658,3.20648,1.91279,6.08586,0.05706,0.18131,0.69809,,,12.79000,-0.31177,4,up|high|neg
2024-02-13,37248.35938,38010.69141,37184.10156,37963.96875,140500000,0.02891,-0.00687,76.64272,692.66625,50.96594,1.28785,5.52031,97.97397,88.62057,32.94785,5.37661,2.28799,6.34783,-0.09490,-0.06163,-0.73483,,,13.93000,8.91322,1,up|hot|pos
2024-02-14,37712.87109,37825.85156,37594.46875,37703.32031,120300000,-0.00687,0.01206,72.03002,734.75408,74.44302,1.05397,4.33877,85.74387,86.36209,34.16545,4.54020,2.69568,6.53223,-1.36743,0.15955,1.05211,,,15.85000,13.78320,2,up|hot|pos
2024-02-15,38017.82812,38188.73828,37935.35938,38157.94141,130000000,0.01206,0.00863,74.87083,795.62168,108.24849,1.10222,5.16426,98.68057,94.13280,35.61511,5.15679,3.39833,6.67294,0.95798,0.88284,1.09298,,,14.38000,-9.27445,3,up|hot|pos
2024-02-16,38517.37109,38865.05859,38361.55078,38487.23828,151700000,0.00863,-0.00044,76.71557,860.51176,138.51085,1.09231,5.67138,87.44962,90.62469,37.45569,6.87497,3.89974,6.77508,0.58213,-0.11942,-0.48649,,,14.01000,-2.57302,4,up|hot|pos
2024-02-19,38473.41016,38555.83984,38281.69922,38470.37891,102000000,-0.00044,-0.00278,76.40631,900.20025,142.55948,0.99637,5.29053,86.88959,91.00659,38.94622,6.39515,4.43166,6.78592,-0.48035,-0.39723,-0.44288,,,14.24000,1.64168,0,up|hot|pos
2024-02-20,38510.37109,38742.32812,38288.03906,38363.60938,108500000,-0.00278,-0.00264,74.36183,912.51930,123.90282,0.90799,4.71609,83.34294,85.89405,40.46580,5.52743,4.36913,6.76701,-0.48035,0.09670,-0.17884,,,14.24000,0.00000,1,up|hot|pos
2024-02-21,38191.96875,38339.69922,38095.14844,38262.16016,104700000,-0.00264,0.02186,72.38003,903.67908,92.05008,0.84060,4.13866,77.32492,82.51915,41.32455,5.81156,4.37302,6.76127,-0.60053,0.11926,0.38639,,,15.42000,8.28652,2,up|hot|pos
2024-02-22,38508.07031,39156.96875,38508.07031,39098.67969,122900000,0.02186,0.00345,77.66564,953.18555,113.24524,0.97274,5.99758,97.51955,86.06247,42.73439,8.24686,4.47326,6.84105,0.12642,-0.22028,0.91134,,,15.34000,-0.51881,3,up|hot|pos
2024-02-26,39320.64062,39388.07812,39181.03125,39233.71094,125700000,0.00345,0.00015,78.38472,991.88188,121.55326,0.93695,5.93087,92.99597,89.28015,44.18840,6.43033,4.45126,6.96229,0.03479,0.08514,0.27091,,,13.75000,-10.36506,0,up|hot|pos
2024-02-27,39260.78125,39426.28906,39113.03125,39239.51953,119100000,0.00015,-0.00080,78.41691,1011.35939,112.82461,0.89086,5.57300,89.80416,93.43989,45.34940,6.34759,4.49685,7.04030,-0.37868,0.00997,0.12865,,,13.74000,-0.07273,1,up|hot|pos
2024-02-28,39189.21875,39283.94922,39075.46875,39208.03125,119900000,-0.00080,-0.00107,77.74100,1012.58219,91.23793,0.84491,5.18704,85.36096,89.38703,46.31781,3.27696,4.65153,7.07960,0.17063,0.04518,-0.41581,,,13.43000,-2.25618,2,up|hot|pos
2024-02-29,38935.53125,39250.12109,38876.80859,39166.19141,166000000,-0.00107,0.01901,76.79382,998.66318,61.85514,0.80438,4.77699,80.46054,85.20855,46.63050,3.87995,4.83861,7.10112,-0.16582,-0.04715,0.34164,,,13.84000,3.05287,3,up|hot|pos
2024-03-01,39254.69141,39990.23047,39224.64062,39910.82031,122800000,0.01901,0.00497,81.18696,1035.77779,79.17580,0.90709,6.34972,95.80967,87.21039,47.52563,4.59375,4.85972,7.20620,0.52291,0.10699,0.77468,,,13.40000,-3.17919,4,up|hot|pos
2024-03-04,40201.76172,40314.64062,40001.55078,40109.23047,119400000,0.00497,-0.00029,82.15627,1068.88005,89.82244,0.90224,6.43906,90.74517,89.00513,48.57555,4.21436,4.89334,7.34361,0.80078,-0.37237,-0.01055,,,13.11000,-2.16418,0,up|hot|pos
2024-03-05,39881.73047,40226.98828,39840.33984,40097.62891,115200000,-0.00029,-0.00017,81.89058,1081.70841,82.12064,0.86364,5.91957,90.22246,92.25910,49.10343,4.22988,4.86494,7.53135,-0.11933,0.00666,-0.74226,,,13.49000,2.89855,1,up|hot|pos
2024-03-06,39792.37109,40147.76953,39769.03906,40090.78125,112900000,-0.00017,-0.01227,81.72259,1078.88571,63.43836,0.83128,5.44870,87.60860,89.52541,49.39258,4.50211,4.88096,7.68697,-1.01931,0.24050,0.59669,,,14.46000,7.19051,2,up|hot|pos
2024-03-07,40331.05859,40472.10938,39518.39844,39598.71094,137200000,-0.01227,0.00228,70.52625,1025.12573,7.74270,0.71241,3.76873,45.25180,74.36095,49.93285,3.49314,4.71925,7.80619,0.51411,-0.27714,0.41994,,,14.50000,0.27662,3,up|hot|pos
2024-03-08,39809.55859,39989.32812,39551.60156,39688.94141,143300000,0.00228,-0.02188,71.30266,978.52161,-31.08914,0.72104,3.63559,50.90782,61.25607,50.43453,1.50967,4.23125,7.93982,1.03041,-0.51983,-1.64767,,,14.44000,-0.41380,4,up|hot|neg
2024-03-11,39232.14062,39241.28125,38496.66016,38820.48828,132900000,-0.02188,-0.00059,56.00969,861.57886,-118.42551,0.46861,1.07135,16.39263,37.51742,48.27113,-1.05323,3.25527,8.03743,-0.65285,-0.93857,-1.05740,,,14.74000,2.07756,0,up|high|neg
2024-03-12,38470.39062,38841.80078,38271.37891,38797.51172,112900000,-0.00059,-0.00262,55.66949,758.30559,-177.35902,0.42204,0.73463,23.90719,30.40255,45.82308,-1.12644,2.29709,8.12304,-0.11222,-0.73985,0.75388,,,15.22000,3.25645,1,up|high|neg
2024-03-13,39059.94922,39147.80078,38452.57031,38695.96875,105400000,-0.00262,0.00288,54.10543,660.65153,-220.01046,0.36764,0.22722,19.29313,19.86432,43.97771,-1.30601,1.32635,8.17110,1.12018,-0.02862,-0.27385,,,13.84000,-9.06702,2,up|high|neg
2024-03-14,38591.73047,38840.32812,38400.17188,38807.37891,111100000,0.00288,-0.00257,55.58003,585.50057,-236.12914,0.37530,0.24091,24.35555,22.51862,42.15548,-0.91613,0.64045,8.24720,-0.19245,0.60451,-0.81783,,,13.75000,-0.65029,3,up|high|neg
2024-03-15,38548.16016,38808.67969,38519.94141,38707.64062,167100000,-0.00257,0.02668,53.91008,511.99292,-247.70944,0.31419,-0.28333,19.82350,21.15739,40.46340,-3.01467,-0.13351,8.32436,-0.28711,0.00135,0.35486,,,14.40000,4.72727,4,mid|high|neg
2024-03-18,38960.98828,39769.10938,38935.46875,39740.44141,128700000,0.02668,0.00662,65.47732,530.95543,-182.99753,0.73106,2.07469,66.75340,36.97748,40.12869,-0.91946,0.04387,8.39889,-0.64829,0.45725,-0.18984,,,14.41000,0.06945,0,up|high|neg
2024-03-19,39622.57812,40003.60156,39407.50000,40003.60156,134700000,0.00662,0.02030,67.70162,560.75417,-122.55904,0.81207,2.42376,78.71126,55.09605,40.06044,-0.23450,0.34322,8.48081,0.63181,0.44438,0.25347,,,14.33000,-0.55517,1,up|high|neg
2024-03-21,40511.55078,40823.32031,40452.19141,40815.66016,157200000,0.02030,0.00178,73.39752,642.49000,-32.65857,1.06162,4.19861,99.69983,81.72150,40.71833,1.80809,1.13329,8.50000,0.89042,1.26791,0.56189,,,13.04000,-9.00209,3,up|hot|neg
2024-03-22,40942.87891,41087.75000,40714.14062,40888.42969,136100000,0.00178,-0.01160,73.84269,705.01119,23.89010,1.02044,4.04597,92.92280,90.44463,41.52680,3.25697,1.86452,8.54953,0.32365,-0.18208,-0.33855,,,12.92000,-0.92024,4,up|hot|pos
2024-03-25,40798.96094,40837.17969,40414.12109,40414.12109,101500000,-0.01160,-0.00040,66.08074,708.12413,21.60243,0.80386,2.60340,76.08167,89.56810,41.59920,1.82716,2.49761,8.52195,-0.14022,0.57907,-0.25764,,,13.06000,1.08359,0,up|high|pos
2024-03-26,40345.03906,40529.53125,40280.85156,40398.03125,101400000,-0.00040,0.00903,65.82796,701.20974,11.75043,0.76964,2.36392,74.33679,81.11375,41.37103,4.06369,2.63236,8.45497,-0.30550,-0.21631,0.09151,,,13.19000,0.99540,1,up|high|pos
2024-03-27,40517.17188,40979.35938,40452.21094,40762.73047,121300000,0.00903,-0.01459,68.74634,716.89430,21.94799,0.85783,3.04860,87.90660,79.44169,41.57888,5.06532,2.77827,8.40779,-0.27998,0.04495,-0.17842,,,13.24000,0.37908,2,up|high|pos
2024-03-28,40324.42188,40482.01953,40054.05859,40168.07031,135600000,-0.01459,0.00501,59.78124,673.57576,-17.09644,0.63474,1.36035,64.18426,75.47588,40.91284,3.80428,2.26425,8.31303,0.86306,0.10372,0.50271,,,12.78000,-3.47432,3,up|high|neg
2024-03-29,40277.44922,40521.71094,40268.10938,40369.44141,122000000,0.00501,-0.01403,61.60711,648.02445,-34.11820,0.68531,1.65227,66.62571,72.90552,40.33728,4.02517,1.78582,8.27023,0.11165,-0.16036,0.00138,,,13.01000,1.79969,4,up|high|neg
2024-04-01,40646.69922,40697.21875,39706.44922,39803.08984,134500000,-0.01403,0.00090,54.15992,575.44167,-85.36078,0.48736,0.15511,23.54351,51.45116,38.67290,2.83006,1.40615,8.07422,0.11165,0.10113,0.34397,,,13.01000,0.00000,0,up|high|neg
2024-04-02,39892.58984,40151.05078,39707.87109,39838.91016,115800000,0.00090,-0.00972,54.53426,514.87455,-116.74232,0.50479,0.18422,9.58958,33.25293,37.12740,0.24778,1.06321,7.84556,-0.20136,-0.02774,-0.52439,,,13.65000,4.91929,1,up|high|neg
2024-04-03,39503.71875,39625.89844,39217.03906,39451.85156,123200000,-0.00972,0.00814,49.80162,430.67769,-160.75134,0.37938,-0.81032,12.55205,15.22838,34.79208,-1.37925,0.38247,7.60944,-0.72391,0.12087,1.37674,,,14.61000,7.03297,2,up|low|neg
2024-04-04,39928.32812,40243.01953,39773.14062,39773.14062,145100000,0.00814,-0.01964,53.41554,385.43338,-164.79652,0.49856,-0.05933,31.55508,17.89890,33.49222,-2.55421,0.12698,7.40212,0.10911,-0.02705,-1.85588,,,14.33000,-1.91649,3,up|high|neg
2024-04-05,39237.39062,39274.76172,38774.23828,38992.07812,129600000,-0.01964,0.00910,44.94444,283.28618,-213.55498,0.23928,-2.00481,9.87882,17.99531,31.42660,-4.63787,-0.54781,7.14945,-1.23343,0.02706,0.81535,,,16.35000,14.09630,4,mid|low|neg
2024-04-08,39391.98047,39617.35938,39197.00000,39347.03906,108300000,0.00910,0.01083,48.90986,228.34395,-214.79776,0.36873,-1.05664,25.97593,22.46994,29.32456,-2.64037,-0.72078,6.83323,1.10992,-0.19065,0.27438,,,16.03000,-1.95718,0,mid|low|neg
2024-04-09,39496.94922,39773.12891,39476.12891,39773.12891,105900000,0.01083,-0.00481,53.26163,216.68592,-181.16464,0.49847,0.04864,51.94492,29.26656,27.58164,-1.54686,-0.72030,6.53751,-0.03746,0.26306,-0.38501,,,15.19000,-5.24018,1,mid|high|neg
2024-04-10,39582.32812,39708.69922,39510.48047,39581.80859,97400000,-0.00481,-0.00352,51.15466,189.82075,-166.42385,0.41152,-0.38092,41.99576,39.97220,25.96321,-2.89706,-0.60333,6.22325,0.14455,0.10086,-0.87618,,,14.98000,-1.38249,2,mid|high|neg
2024-04-11,39090.67969,39473.48047,39065.30859,39442.62891,107000000,-0.00352,0.00205,49.61695,155.50669,-160.59032,0.33384,-0.66639,34.75806,42.89958,24.43178,-1.80602,-0.70490,5.91898,-0.94570,-0.04347,0.47872,,,15.80000,5.47397,3,mid|low|neg
2024-04-12,39722.01953,39774.82031,39457.73047,39523.55078,107100000,0.00205,-0.00736,50.54774,133.30561,-146.23313,0.34121,-0.45506,51.01594,42.58992,22.82341,-2.09537,-0.42967,5.69114,0.74448,0.78208,-1.78008,,,14.91000,-5.63291,4,mid|high|neg
2024-04-15,39056.92969,39232.80078,38820.94922,39232.80078,107000000,-0.00736,-0.01941,47.17548,91.19871,-150.67202,0.17917,-1.14192,31.22061,38.99820,21.95132,-1.43278,-0.44146,5.41463,-1.45507,0.14905,-1.29433,,,17.31000,16.09658,0,mid|low|neg
2024-04-16,38750.67188,38764.82031,38322.32031,38471.19922,133000000,-0.01941,-0.01324,39.70343,-3.58486,-196.36447,-0.05856,-3.02685,7.75129,29.99595,21.74124,-3.43310,-1.06275,5.18001,-1.20214,0.05940,-0.09409,,,19.23000,11.09186,1,mid|low|neg
2024-04-17,38587.46875,38587.60938,37961.80078,37961.80078,120600000,-0.01324,0.00311,35.63763,-118.44042,-248.97602,-0.10327,-4.23017,0.00000,12.99063,21.94042,-3.77688,-1.79670,4.91678,-0.20565,0.60215,-0.58427,,,18.40000,-4.31617,2,mid|low|neg
2024-04-18,37745.03906,38216.75000,37644.91016,38079.69922,105800000,0.00311,-0.02656,37.23954,-197.67221,-262.56625,0.01042,-3.87296,20.41349,9.38826,22.45208,-4.25775,-2.42369,4.67519,-0.57806,0.31906,-0.74764,,,18.21000,-1.03261,3,mid|low|neg
2024-04-19,37724.46875,37749.48047,36733.05859,37068.35156,155400000,-0.02656,0.00999,30.27792,-338.17304,-322.45366,-0.15007,-6.26137,11.02299,10.47883,23.72785,-4.93363,-3.49380,4.36683,-0.22082,-0.23013,-0.00904,,,18.00000,-1.15321,4,mid|low|neg
2024-04-22,37240.92969,37511.80078,37052.62891,37438.60938,119400000,0.00999,0.00303,35.06400,-414.86197,-319.31408,0.02809,-5.20337,23.19547,18.21065,24.91250,-4.85025,-4.27835,4.09005,-0.87585,0.17364,0.60470,,,18.71000,3.94444,0,mid|low|neg
2024-04-23,37797.05859,37817.78125,37397.26953,37552.16016,95900000,0.00303,0.02418,36.50356,-461.15994,-292.48964,0.10712,-4.70465,26.92852,20.38233,25.43159,-5.58409,-4.53218,3.71036,0.87312,0.01940,0.93960,,,16.94000,-9.46017,1,mid|low|neg
2024-04-24,37871.92188,38460.07812,37857.46875,38460.07812,121100000,0.02418,-0.02162,46.68157,-419.75139,-200.86487,0.35225,-2.24749,56.77695,35.63365,24.81977,-2.83395,-4.12907,3.36028,1.19646,0.11188,-0.63723,,,15.69000,-7.37899,2,mid|low|neg
2024-04-25,38065.91016,38129.53125,37604.23047,37628.48047,113900000,-0.02162,0.00814,40.30834,-448.86357,-183.98164,0.16774,-4.05022,35.82057,39.84201,24.53007,-4.59946,-4.04753,2.87219,0.02130,-0.04457,0.01733,,,15.97000,1.78458,3,mid|low|neg
2024-04-26,37725.60938,38097.53906,37550.69922,37934.76172,124900000,0.00814,0.01241,43.37466,-442.12432,-141.79391,0.27024,-2.97693,59.14587,50.58113,24.32083,-4.01985,-3.31439,2.41284,-0.45764,0.33281,1.10779,,,15.37000,-3.75705,4,mid|low|neg
2024-04-30,38312.66016,38608.17188,38182.10938,38405.66016,151400000,0.01241,-0.00343,47.81334,-394.24127,-75.12869,0.41672,-1.57030,89.20003,61.38882,23.27648,-2.10829,-2.61963,2.06112,0.31784,1.68834,-0.53549,,,14.67000,-4.55433,1,mid|low|neg
2024-05-01,38107.37891,38433.33984,38036.23828,38274.05078,108500000,-0.00343,-0.00099,46.71127,-362.73204,-34.89557,0.39727,-1.69354,82.18128,76.84239,22.49524,-0.51246,-2.03629,1.72450,-1.57305,-1.20715,-0.75521,,,15.65000,6.68030,2,mid|low|neg
2024-05-02,38004.01172,38355.60156,37958.19141,38236.07031,101900000,-0.00099,0.01567,46.37904,-336.94141,-7.28395,0.40188,-1.53549,80.15578,83.84570,21.87351,0.72249,-1.89670,1.36654,-0.34354,0.90075,-0.89201,,,15.39000,-1.66134,3,mid|low|neg
2024-05-07,38636.23047,38863.14062,38541.96875,38835.10156,115200000,0.01567,-0.01629,52.15862,-265.10931,51.63852,0.60393,0.14462,98.45132,86.92946,20.45142,1.98374,-1.13951,1.12412,1.03261,0.34042,-0.18051,,,13.49000,-12.34568,1,mid|high|pos
2024-05-08,38677.57031,38749.35156,38159.85156,38202.37109,120100000,-0.01629,-0.00336,46.46204,-256.28364,48.37135,0.41253,-1.26631,54.92308,77.84339,19.67514,3.05927,-0.77971,0.80753,0.13434,0.43695,0.54350,,,13.23000,-1.92736,2,mid|low|pos
2024-05-09,38242.92188,38429.80859,38072.23828,38073.98047,118600000,-0.00336,0.00407,45.37901,-256.69032,38.37174,0.38830,-1.42192,39.87083,64.41508,19.07593,1.69710,-0.77378,0.53666,-0.00058,0.33131,0.91829,,,13.00000,-1.73847,3,mid|low|pos
2024-05-10,38361.78906,38741.87891,38126.91016,38229.10938,167300000,0.00407,-0.00130,46.98695,-241.70874,42.68266,0.46239,-0.85498,51.69070,48.82820,17.98404,1.80269,-0.63138,0.27290,0.50909,0.43361,-0.08922,,,12.69000,-2.38462,4,mid|low|pos
2024-05-13,38211.60938,38273.39844,37969.57812,38179.46094,128700000,-0.00130,0.00463,46.51500,-231.17708,42.57145,0.46683,-0.85287,47.90779,46.48977,17.21262,-0.72963,-0.52945,0.06365,0.16494,-0.01930,0.01451,,,12.55000,-1.10323,0,mid|low|pos
2024-05-14,38287.98828,38477.67969,38084.71094,38356.05859,143300000,0.00463,0.00077,48.49663,-206.20372,54.03585,0.56685,-0.24744,43.96569,47.85473,16.13635,1.93358,-0.63198,-0.14623,-0.02413,0.27607,0.60992,,,13.60000,8.36654,1,down|low|pos
2024-05-15,38533.08984,38816.60156,38335.60938,38385.73047,146300000,0.00077,0.01393,48.83961,-181.92080,62.65501,0.62500,-0.10726,47.24454,46.37267,15.39596,1.18880,-0.47383,-0.27373,0.48378,0.26634,0.83174,,,13.42000,-1.32353,2,down|low|pos
2024-05-16,38645.96094,38949.37891,38513.32812,38920.26172,157900000,0.01393,-0.00341,54.69307,-118.18189,101.11514,0.94757,1.32879,97.06239,62.75754,14.92155,1.33991,0.01106,-0.41086,1.17159,0.16962,-0.92564,,,12.45000,-7.22802,3,mid|high|pos
2024-05-17,38561.03906,38842.48828,38539.55859,38787.37891,133300000,-0.00341,0.00728,53.06756,-77.49753,113.43960,0.84918,1.08660,83.46603,75.92432,14.48103,1.34119,0.40482,-0.60075,-0.20817,-1.41599,-0.10926,,,12.42000,-0.24096,4,mid|high|pos
2024-05-20,38761.71094,39437.16016,38703.69922,39069.67969,127400000,0.00728,-0.00314,56.05561,-22.21944,134.97415,0.93599,1.87671,74.96014,85.16285,14.99241,2.18016,0.92271,-0.76756,0.11648,0.71104,0.57671,,,11.99000,-3.46216,0,mid|high|pos
2024-05-21,39232.16016,39346.14844,38942.28125,38946.92969,106700000,-0.00314,-0.00847,54.43280,11.55080,134.99551,0.83560,1.60917,66.59604,75.00740,15.46727,0.28796,1.28323,-0.91869,0.09164,0.24135,-0.22320,,,12.15000,1.33444,1,mid|high|pos
2024-05-22,38823.91016,38854.98828,38592.94141,38617.10156,105500000,-0.00847,0.01259,50.22531,11.56625,108.00877,0.66189,0.84407,44.12179,61.89266,15.14559,1.08561,1.49997,-1.09937,0.25019,0.39549,0.04635,,,11.86000,-2.38683,2,mid|high|pos
2024-05-23,38803.12891,39129.46875,38617.42969,39103.21875,107800000,0.01259,-0.01169,55.66469,50.22513,117.33412,0.90302,2.12733,77.24547,62.65443,15.28657,2.70326,1.60927,-1.20858,-0.27061,-0.07609,-1.38919,,,12.29000,3.62564,3,mid|high|pos
2024-05-24,38506.03125,38740.82031,38367.69922,38646.10938,96300000,-0.01169,0.00657,50.11840,43.47649,88.46839,0.61797,0.91504,41.50976,54.29234,14.88674,1.09079,1.51693,-1.28000,-0.73808,0.28991,0.39820,,,12.77000,3.90562,4,mid|high|pos
2024-05-27,38766.21094,38900.01953,38667.92969,38900.01953,94200000,0.00657,-0.00115,52.92426,57.94858,82.35238,0.76087,1.47862,51.23778,56.66434,14.78471,1.88729,1.32903,-1.27630,0.70010,0.17167,-0.25712,,,11.93000,-6.57792,0,mid|high|pos
2024-05-28,38879.14844,38981.96875,38756.12891,38855.37109,101200000,-0.00115,-0.00768,52.36644,65.06503,71.57507,0.71897,1.28017,45.59978,46.11577,14.82975,1.30178,1.19935,-1.28118,0.70010,-0.06562,0.26928,,,11.93000,0.00000,1,mid|high|pos
2024-05-29,38880.50000,39141.98828,38524.23828,38556.87109,123900000,-0.00768,-0.01304,48.67290,46.08715,42.07775,0.48278,0.34636,17.68853,38.17536,14.34010,0.44584,1.01118,-1.20919,0.02488,-0.01593,-0.62731,,,12.92000,8.29841,2,mid|low|pos
2024-05-30,38112.76953,38138.03125,37617.00000,38054.12891,117300000,-0.01304,0.01140,43.15237,-9.41156,-10.73677,0.12666,-1.02547,24.01596,29.10142,14.39361,-2.22540,0.40078,-1.21139,-0.73670,0.26586,0.46216,,,14.28000,10.52631,3,mid|low|neg
2024-05-31,38173.21875,38526.92969,38087.60938,38487.89844,211000000,0.01140,0.01131,48.57225,-18.18350,-15.60697,0.43691,0.00536,50.36574,30.69008,13.70543,-0.77211,0.22092,-1.17023,-0.59750,0.22002,0.38220,,,14.47000,1.33054,4,mid|low|neg
2024-06-03,38734.94922,39032.50000,38734.94922,38923.03125,115900000,0.01131,-0.00220,53.37453,9.86256,9.95127,0.73777,1.08735,85.64205,53.34125,13.22186,-0.37535,0.18467,-1.19120,0.80279,-0.41559,-0.70146,,,12.92000,-10.71182,0,mid|high|pos
2024-06-04,38702.53906,38895.05859,38591.78906,38837.46094,117900000,-0.00220,-0.00894,52.33947,24.89746,19.98894,0.67337,0.73859,80.03084,72.01288,12.52136,-0.28107,0.04971,-1.09667,0.11161,0.14462,-1.06202,,,13.11000,1.47058,1,mid|high|pos
2024-06-05,38654.08984,38656.41016,38343.98047,38490.17188,119400000,-0.00894,0.00554,48.24987,8.68923,3.02457,0.39815,-0.21972,57.25761,74.31017,11.81017,-0.32869,-0.04249,-1.06630,0.15028,-0.70237,1.23363,,,13.16000,0.38139,2,down|low|pos
2024-06-06,38841.66016,39011.92969,38693.50000,38703.51172,118900000,0.00554,-0.00051,50.79342,12.91002,5.79629,0.54313,0.30235,71.24722,69.51189,11.38419,-1.02218,0.26323,-1.05420,1.18476,-0.60997,-0.17702,,,12.63000,-4.02735,3,mid|high|pos
2024-06-07,38597.55078,38747.26953,38560.85156,38683.92969,96200000,-0.00051,0.00916,50.54784,14.50768,5.91516,0.50780,0.20903,69.96314,66.15599,10.74745,0.09786,0.32221,-1.01882,-0.01998,0.51894,-0.08771,,,12.58000,-0.39588,4,mid|high|pos
2024-06-10,38689.78125,39081.53906,38689.78125,39038.16016,89200000,0.00916,0.00248,54.80479,43.85179,28.20741,0.80123,1.04267,93.19155,78.13397,10.71125,0.35512,0.29850,-0.95578,-0.11152,-0.14878,0.37614,,,12.22000,-2.86168,0,mid|high|pos
2024-06-11,39175.58984,39336.66016,39074.87891,39134.78906,93300000,0.00248,-0.00659,55.91951,74.05073,46.72508,0.85402,1.26135,88.26099,83.80523,11.07169,0.71912,0.42125,-0.95116,0.25809,0.72961,-0.58717,,,12.74000,4.25531,1,mid|high|pos
2024-06-12,38865.14844,38945.98828,38809.35938,38876.71094,108200000,-0.00659,-0.00402,52.21527,76.27956,39.16313,0.59369,0.52342,63.17610,81.54288,10.87350,0.82953,0.55111,-0.90284,0.27104,0.13199,0.75441,,,12.85000,0.86343,2,mid|high|pos
2024-06-13,39182.05859,39252.44141,38689.78906,38720.46875,115900000,-0.00402,0.00243,50.05353,64.69275,22.06106,0.44922,0.05252,37.92646,63.12118,11.17526,1.75103,0.49268,-0.82376,0.85037,0.04139,-0.34986,,,12.04000,-6.30351,3,mid|high|pos
2024-06-14,38587.57031,39025.69922,38554.75000,38814.55859,157100000,0.00243,-0.01835,51.35950,62.38327,15.80126,0.54120,0.23499,47.40483,49.50246,11.17596,0.84873,0.49938,-0.74953,0.23447,-0.19413,-0.88770,,,11.94000,-0.83057,4,mid|high|pos
2024-06-17,38440.98047,38442.69922,37950.19922,38102.44141,107500000,-0.01835,0.00996,42.33675,3.05586,-34.82092,-0.05235,-1.59615,10.98063,32.10398,10.69718,-2.10824,0.02405,-0.71885,-0.03939,0.20919,0.95154,,,12.66000,6.03015,0,mid|low|neg
2024-06-18,38433.48047,38519.01953,38332.89062,38482.10938,97100000,0.00996,0.00230,47.62021,-13.17366,-40.84035,0.30524,-0.62856,38.36460,32.25002,10.11241,-0.91497,-0.32605,-0.68127,0.76644,0.26602,0.56621,,,12.75000,0.71090,1,down|low|neg
2024-06-19,38653.91016,38797.96875,38453.41016,38570.76172,93600000,0.00230,0.00161,48.79989,-18.66698,-37.06694,0.38638,-0.41867,44.75874,31.36799,9.71495,0.20938,-0.50307,-0.64206,0.25213,0.09774,0.33507,,,12.30000,-3.52941,2,down|low|neg
2024-06-20,38410.32031,38637.62109,38263.07812,38633.01953,88000000,0.00161,-0.00095,49.65736,-17.79170,-28.95333,0.46014,-0.22833,49.24916,44.12417,9.05581,-0.18213,-0.51872,-0.62811,0.25213,0.10844,-0.13724,,,12.30000,0.00000,3,down|low|neg
2024-06-21,38608.66016,38795.67969,38532.12891,38596.46875,140800000,-0.00095,0.00539,49.13707,-19.81892,-24.78443,0.42836,-0.30307,46.61289,46.87360,8.67055,-0.22609,-0.61176,-0.59625,-0.25259,0.05510,-0.28881,,,13.28000,7.96748,4,down|low|neg
2024-06-24,38497.42188,38905.46875,38416.07031,38804.64844,93500000,0.00539,0.00950,52.20851,-4.57441,-7.63194,0.62903,0.26213,65.61370,53.82525,8.07870,-0.59816,-0.22167,-0.57946,-0.15621,0.61599,-0.20525,,,13.20000,-0.60241,0,down|high|neg
2024-06-25,38833.89844,39215.07031,38758.07031,39173.14844,108300000,0.00950,0.01261,57.14201,36.81744,27.00792,0.93081,1.19059,93.91104,68.71254,8.12163,0.09802,0.11202,-0.52495,-0.30652,0.58515,0.32382,,,13.33000,0.98485,1,mid|high|pos
2024-06-26,39364.73047,39788.62891,39233.55859,39667.07031,108900000,0.01261,-0.00821,62.70002,108.22855,78.73523,1.15597,2.35543,93.38791,84.30422,9.09076,2.03299,0.56930,-0.41936,0.39336,-0.10946,-0.67328,,,12.84000,-3.67592,2,mid|high|pos
2024-06-27,39434.46875,39439.23828,39193.51172,39341.53906,115000000,-0.00821,0.00614,57.41516,136.97575,85.98594,0.89557,1.49047,75.68088,87.65995,9.89854,1.60398,0.91013,-0.38301,0.15724,0.00000,0.77135,,,12.55000,-2.25857,3,mid|high|pos
2024-06-28,39593.01172,39783.69922,39485.73047,39583.07812,124300000,0.00614,0.00121,60.10232,177.20557,100.97262,0.98789,2.01494,86.52613,85.19831,11.15693,1.97998,1.32120,-0.31275,0.09073,0.58552,0.57328,,,12.24000,-2.47012,4,mid|high|pos
2024-07-01,39839.82031,39942.69141,39537.10156,39631.05859,118800000,0.00121,0.01119,60.63372,210.53274,107.43982,0.95201,2.06168,81.44616,81.21772,12.54572,4.01186,1.67055,-0.26610,-0.40837,0.04109,-0.15407,,,12.44000,1.63399,0,mid|high|pos
2024-07-02,39543.60938,40113.48047,39457.62109,40074.69141,135100000,0.01119,0.01263,65.24327,269.63404,133.23290,1.08089,3.07470,97.90375,88.62534,14.06786,4.13850,2.00677,-0.18795,0.26756,0.13691,0.53727,,,12.22000,-1.76848,1,mid|high|pos
2024-07-03,40225.82812,40694.21094,40172.85156,40580.76172,125600000,0.01263,0.00820,69.61423,353.23601,173.46789,1.14989,4.15947,95.02010,91.45667,16.17389,5.21120,2.26385,-0.04080,0.61953,0.37599,0.13366,,,12.03000,-1.55483,2,mid|high|pos
2024-07-04,40747.58984,40971.23047,40604.14844,40913.64844,118000000,0.00820,-0.00003,72.09974,441.26571,209.19808,1.11914,4.70649,97.74644,96.89010,18.41186,5.90332,2.76917,0.17707,0.50844,-0.00495,-0.68106,,,12.09000,0.49876,3,up|hot|pos
2024-07-05,41009.35938,41100.12891,40746.89062,40912.37109,114200000,-0.00003,-0.00322,72.07538,505.10428,218.42932,1.01648,4.44400,91.98321,94.91658,20.61711,6.00030,3.19344,0.38548,0.50844,0.07245,0.40973,,,12.09000,0.00000,4,up|hot|pos
2024-07-08,40863.14062,41112.23828,40780.69922,40780.69922,113000000,-0.00322,0.01960,69.46947,538.86035,201.74831,0.91457,3.91075,82.72088,90.81685,22.67723,5.09230,3.58392,0.54921,0.54488,-0.16273,0.15767,,,12.48000,3.22580,0,up|high|pos
2024-07-09,40953.41016,41769.35156,40942.44141,41580.17188,118200000,0.01960,0.00606,75.30713,622.94214,228.66408,1.03545,5.65249,92.65561,89.11990,25.19130,6.14457,4.06024,0.80396,0.10167,-0.44621,-0.34914,,,12.37000,-0.88141,1,up|hot|pos
2024-07-10,41444.32812,41889.16016,41430.37891,41831.98828,134400000,0.00606,0.00937,76.81114,701.80706,246.02320,1.00376,5.93254,97.64874,91.00841,27.62106,5.45772,4.34169,1.11376,0.07411,0.13633,1.42956,,,12.51000,1.13177,2,up|hot|pos
2024-07-11,42343.71875,42426.76953,42102.46094,42224.01953,123000000,0.00937,-0.02447,78.95971,786.87116,264.86984,1.00110,6.54535,93.17144,94.49193,30.26388,7.32681,4.63223,1.41167,1.02081,0.29467,-1.71573,,,12.85000,2.71783,3,up|hot|pos
2024-07-12,41668.85938,41754.76172,41188.28906,41190.67969,130400000,-0.02447,0.00205,62.51691,762.11795,192.09331,0.75873,3.67557,58.36888,83.06302,30.41930,4.06134,4.50826,1.64077,-0.87630,0.17108,-0.03807,,,12.92000,0.54474,4,up|high|pos
2024-07-16,41366.78906,41520.07031,41220.64844,41275.07812,100800000,0.00205,-0.00430,63.19113,740.77195,136.59785,0.75242,3.65456,48.90269,66.81434,30.56361,4.14831,4.52174,1.85188,0.28262,0.07080,0.71453,,,13.12000,1.54799,1,up|high|pos
2024-07-17,41416.17969,41466.44922,41054.71875,41097.69141,109900000,-0.00430,-0.02363,60.71906,701.45553,77.82514,0.69356,3.00598,27.07875,44.78344,30.32372,2.55273,4.07419,2.02036,0.63894,-0.10864,-2.12346,,,13.19000,0.53353,2,up|high|pos
2024-07-18,40521.71094,40587.62891,40104.21875,40126.35156,117600000,-0.02363,-0.00156,49.33721,585.17246,-30.76634,0.45902,0.44560,0.95295,25.64480,28.31983,-1.11977,3.09005,2.15664,-1.39275,0.13216,-0.21520,,,14.48000,9.78014,3,up|low|neg
2024-07-19,39965.91016,40212.89844,39824.57812,40063.78906,99800000,-0.00156,-0.01160,48.70395,482.40813,-106.82454,0.42254,0.15428,9.19267,12.40812,26.56206,-2.07720,1.87151,2.28496,-0.78164,-1.68235,-0.95794,,,15.93000,10.01382,4,up|low|neg
2024-07-22,39947.94922,39973.19922,39519.39062,39599.00000,82700000,-0.01160,-0.00012,44.16828,359.32004,-183.93010,0.27826,-1.08522,2.73818,4.29460,25.37215,-3.21021,0.99649,2.37356,-0.71403,0.94035,0.98740,,,16.52000,3.70370,0,up|low|neg
2024-07-23,39864.08984,39927.89062,39519.91016,39594.39062,88300000,-0.00012,-0.01110,44.12439,258.42099,-227.86332,0.25184,-1.24395,2.57964,4.83683,24.26722,-2.90900,0.00777,2.52119,1.07920,0.17309,-0.26365,,,14.91000,-9.74577,1,up|low|neg
2024-07-24,39336.73828,39643.26953,39096.50000,39154.85156,110300000,-0.01110,-0.03283,40.03894,141.36111,-275.93856,0.12696,-2.40575,1.75216,2.35666,23.84469,-5.83288,-1.02782,2.61163,-0.15581,-0.33730,-2.51527,,,14.72000,-1.27431,2,mid|low|neg
2024-07-25,38524.19922,38557.78906,37825.57812,37869.51172,143000000,-0.03283,-0.00534,30.99983,-54.49765,-377.43786,-0.10673,-5.54344,1.11814,1.81665,24.80891,-9.47236,-2.08441,2.57916,-2.31491,-0.71578,-0.26278,,,18.04000,22.55435,3,mid|low|neg
2024-07-26,37792.87109,38105.96094,37611.19141,37667.41016,124000000,-0.00534,0.02127,29.85841,-223.44926,-437.11157,-0.06001,-5.95694,1.43823,1.43617,25.88571,-10.79151,-3.18658,2.53909,-0.51426,-1.20500,1.59976,,,18.46000,2.32815,4,mid|cold|neg
2024-07-29,38139.12109,38719.69922,38010.01172,38468.62891,107300000,0.02127,0.00149,39.38681,-289.35743,-402.41580,0.14076,-3.94430,22.24073,8.26570,25.77546,-6.60841,-3.73872,2.57167,1.10905,-0.12606,-0.43835,,,16.39000,-11.21343,0,mid|low|neg
2024-07-30,38241.35156,38531.16016,38076.69922,38525.94922,109700000,0.00149,0.01495,40.01463,-333.12481,-356.94654,0.17679,-3.77438,30.73331,18.13742,25.67309,-6.66051,-4.24564,2.58010,0.08133,0.28758,-1.04073,,,16.60000,1.28128,1,mid|low|neg
2024-07-31,38140.76953,39188.37109,37954.37891,39101.82031,146400000,0.01495,-0.02495,46.05942,-317.68076,-273.20199,0.30237,-2.32908,57.29426,36.75610,24.50111,-4.85641,-4.26531,2.58474,-0.49602,-0.19853,-1.19386,,,17.69000,6.56627,2,mid|low|neg
2024-08-01,38781.55859,38781.55859,37737.87891,38126.32812,178800000,-0.02495,-0.05814,38.90708,-379.77747,-268.23896,0.15558,-4.61889,21.80927,36.61228,23.68013,-4.98431,-3.98921,2.47573,1.57934,-0.75601,-3.25583,,,16.36000,-7.51837,3,mid|low|neg
2024-08-02,37444.17188,37471.51953,35880.14844,35909.69922,204300000,-0.05814,-0.12396,28.19354,-600.92589,-391.50990,-0.09680,-9.85468,0.73006,26.61120,24.63244,-10.36869,-4.54085,2.23995,-1.36935,-1.91655,-2.65861,,,18.59000,13.63080,4,mid|cold|neg
2024-08-05,35249.35938,35301.17969,31156.11914,31458.41992,285600000,-0.12396,0.10226,17.67067,-1122.42996,-730.41119,-0.31598,-20.37931,3.56186,8.70040,27.45323,-20.55754,-7.30420,1.64979,-1.83819,-0.36262,6.88712,,,23.39000,25.82033,0,mid|cold|neg
2024-08-06,32077.33008,34911.80078,32077.33008,34675.46094,251200000,0.10226,0.01194,36.20337,-1261.59450,-695.66058,0.08146,-11.79451,43.81513,16.03568,30.07253,-12.42330,-8.79573,1.25396,-2.99688,-2.42425,-1.78934,,,38.57000,64.89953,1,mid|low|neg
2024-08-07,34122.35156,35849.76953,33739.46094,35089.62109,242800000,0.01194,-0.00737,38.13414,-1323.21099,-605.82165,0.16123,-10.28594,48.97135,32.11611,31.44759,-10.38244,-10.38237,0.84392,1.03541,0.14149,-1.96531,,,27.71000,-28.15660,2,mid|low|neg
2024-08-08,34645.78906,35379.64844,34207.16016,34831.14844,165300000,-0.00737,0.00557,37.37393,-1377.02558,-527.70900,0.17235,-10.42005,45.75341,46.17996,32.72444,-8.02324,-11.54723,0.32811,-0.77346,-0.72570,2.23363,,,27.85000,0.50524,3,mid|low|neg
2024-08-09,35272.33984,35671.30859,34445.57031,35025.00000,176900000,0.00557,0.03448,38.36631,-1388.03148,-430.97191,0.21724,-9.37248,48.16683,47.63053,33.57414,-7.01511,-11.46596,-0.19678,2.30426,0.96178,0.71378,,,23.79000,-14.57809,4,down|low|neg
2024-08-13,35490.57812,36232.51172,35476.78906,36232.51172,140700000,0.03448,0.00579,44.28839,-1284.51058,-261.96081,0.35333,-5.79172,63.20012,52.37345,33.73027,-5.81283,-8.55242,-0.63505,0.00430,-0.42460,0.50366,,,20.71000,-12.94662,1,down|low|neg
2024-08-14,36535.60156,36683.89062,36074.71094,36442.42969,135600000,0.00579,0.00780,45.27286,-1172.02058,-119.57665,0.39315,-4.81645,69.32467,60.23054,33.38658,-5.40809,-7.21491,-1.01458,1.68476,-0.04081,-0.45944,,,18.12000,-12.50603,2,down|low|neg
2024-08-15,36381.39844,36885.16016,36381.39844,36726.64062,119700000,0.00780,0.03638,46.64750,-1047.85893,3.66800,0.44268,-3.58523,88.20536,73.57671,32.84987,-6.07435,-5.88252,-1.48589,0.38237,-0.00748,2.44607,,,16.19000,-10.65122,3,down|low|pos
2024-08-16,37304.92969,38143.55078,37304.92969,38062.67188,129500000,0.03638,-0.01771,52.66636,-832.06188,175.57204,0.60964,0.31920,98.84251,85.45751,31.11748,-0.16696,-3.80510,-1.88014,1.61332,0.19188,-1.08419,,,15.23000,-5.92959,4,down|high|pos
2024-08-19,37863.76172,38125.26953,37318.03906,37388.62109,107800000,-0.01771,0.01803,49.62465,-707.27836,240.28445,0.54849,-0.95244,87.55519,91.53435,29.50883,4.11845,-2.05990,-2.34608,0.19898,1.33715,1.15377,,,14.80000,-2.82337,0,down|low|pos
2024-08-20,37847.85156,38236.39062,37738.30078,38062.92188,110600000,0.01803,-0.00292,52.57541,-547.66297,319.91987,0.64691,1.16919,96.14251,94.18007,27.90757,20.99439,-0.76118,-2.66265,0.97223,-0.84840,-1.38697,,,14.65000,-1.01352,1,down|high|pos
2024-08-21,37653.33984,38026.01953,37605.82812,37951.80078,94800000,-0.00292,0.00683,52.03449,-425.23136,353.88118,0.64947,1.23151,92.93687,92.21152,26.53672,9.44858,0.39590,-2.99706,-0.19846,-0.84957,-0.17601,,,15.88000,8.39591,2,mid|high|pos
2024-08-22,38033.78125,38408.19141,37883.85938,38211.01172,92800000,0.00683,0.00401,53.24297,-303.78542,380.26170,0.69564,2.23781,95.02401,94.70113,24.86369,8.89548,1.50039,-3.27500,0.42397,-0.92162,-0.42138,,,16.27000,2.45592,3,mid|high|pos
2024-08-23,38278.17969,38424.26953,38053.46875,38364.26953,89800000,0.00401,-0.00662,53.98122,-192.94784,392.87943,0.71128,2.84181,97.96436,95.30841,23.29300,10.14357,1.85386,-3.46280,-0.89328,-0.15756,-0.08933,,,17.55000,7.86723,4,mid|high|pos
2024-08-26,38156.41016,38204.80859,37825.30859,38110.21875,91700000,-0.00662,0.00468,52.50140,-124.17660,369.32053,0.67238,2.37523,86.63363,93.20733,22.07294,8.80862,2.45536,-3.66622,1.14834,0.74698,-0.19737,,,15.86000,-9.62963,0,mid|high|pos
2024-08-27,38066.30859,38365.64062,37911.32031,38288.62109,84300000,0.00468,0.00217,53.46612,-54.64935,351.07822,0.69860,2.99950,93.35991,92.65263,20.74713,5.67476,2.72125,-3.80384,-0.31537,-1.50613,-0.04863,,,16.15000,1.82850,1,mid|high|pos
2024-08-28,38221.37891,38399.91016,38141.48828,38371.76172,88700000,0.00217,-0.00024,53.93566,7.07865,330.24498,0.71175,3.35913,95.30904,91.76753,19.47312,5.29419,3.08281,-3.93677,0.15952,0.35834,-0.60399,,,15.43000,-4.45820,2,mid|high|pos
2024-08-29,38119.94922,38401.14844,37970.19922,38362.53125,106500000,-0.00024,0.00743,53.87067,54.62404,302.23229,0.72027,3.42256,94.41904,94.36266,18.50010,4.45423,3.25258,-4.01899,-0.59760,-0.37435,-0.20210,,,17.11000,10.88788,3,mid|high|pos
2024-08-30,38388.03906,38669.78906,38316.87109,38647.75000,136600000,0.00743,0.00137,55.64905,114.00470,289.29036,0.75320,4.10412,97.92858,95.88555,17.22873,1.53714,3.31872,-3.94712,-0.00394,0.31811,0.88556,,,15.65000,-8.53303,4,mid|high|pos
2024-09-02,39025.30859,39080.64062,38476.51172,38700.87109,87100000,0.00137,-0.00038,55.98936,163.46639,271.00164,0.73705,4.13126,74.24964,88.86575,16.48165,3.50976,3.52165,-3.83289,1.00931,0.31641,0.74709,,,15.00000,-4.15335,0,mid|high|pos
2024-09-03,38745.76172,38967.55859,38581.55078,38686.30859,91200000,-0.00038,-0.04236,55.86281,199.19388,245.38331,0.74797,4.06770,68.58743,80.25522,15.78793,1.63778,3.71136,-3.80700,1.00931,1.02905,-2.82092,,,15.00000,0.00000,1,mid|high|pos
2024-09-04,38039.91016,38080.01953,36879.32812,37047.60938,144400000,-0.04236,-0.01054,43.85176,94.19304,112.30597,0.42349,-0.18169,7.64459,50.16055,16.18083,-2.38247,3.16306,-3.89297,-2.11511,0.23296,-0.87080,,,20.72000,38.13333,2,mid|low|pos
2024-09-05,36536.25000,37099.96094,36359.23047,36657.08984,111300000,-0.01054,-0.00725,41.55854,-20.29855,-1.74850,0.31420,-0.97296,10.94504,29.05902,16.99313,-4.06669,2.51416,-4.07035,-0.16025,-0.93306,0.96273,,,21.32000,2.89575,3,mid|low|neg
2024-09-06,36815.00000,36898.28125,36235.60938,36391.46875,111700000,-0.00725,-0.00483,40.02533,-130.95777,-89.92617,0.20277,-1.50588,5.47830,8.02264,17.85072,-5.14229,1.48537,-4.17649,-0.30180,-1.39591,-3.12290,,,19.90000,-6.66041,4,mid|low|neg
2024-09-09,35805.82031,36248.12109,35247.87109,36215.75000,118200000,-0.00483,-0.00156,39.00028,-230.18164,-151.32003,0.09323,-2.01393,25.25273,13.89202,19.39058,-4.97103,0.10699,-4.04894,-1.72602,0.04814,-0.00207,,,22.38000,12.46231,0,mid|low|neg
2024-09-10,36386.12109,36537.03125,36001.57812,36159.16016,112300000,-0.00156,-0.01492,38.65692,-309.81227,-184.76053,0.08105,-2.66223,23.77626,18.16910,20.38089,-5.56160,-1.76029,-3.47771,1.15801,-0.63254,-0.05299,,,19.45000,-13.09204,1,down|low|neg
2024-09-11,36029.89844,36056.87109,35253.42969,35619.76953,127600000,-0.01492,0.03407,35.45302,-411.69864,-229.31752,-0.01808,-4.21163,9.70313,19.57737,21.82302,-7.17192,-2.62802,-3.26964,0.44727,0.48497,2.73789,,,19.08000,-1.90232,2,down|low|neg
2024-09-12,36185.62109,36902.21094,36172.26172,36833.26953,126300000,0.03407,-0.00683,46.24688,-390.02899,-166.11830,0.29681,-1.13373,41.36430,24.94789,21.98055,-3.98634,-2.71574,-3.02020,1.06650,-0.65863,0.37121,,,17.69000,-7.28511,3,down|low|neg
2024-09-13,36882.41016,36887.39844,36441.33984,36581.76172,115900000,-0.00683,-0.01035,44.58284,-388.66988,-131.80735,0.25510,-1.99303,35.86029,28.97591,22.12682,-5.34569,-2.79628,-2.77126,0.74953,0.25029,-0.23717,,,17.07000,-3.50481,4,down|low|neg
2024-09-17,36601.92969,36663.17969,35828.53906,36203.21875,127300000,-0.01035,0.00489,42.12597,-413.37292,-125.20831,0.18651,-3.12950,33.73226,36.98562,22.75120,-6.45374,-2.92557,-2.58588,0.12566,-0.50106,1.17885,,,17.14000,0.41007,1,down|low|neg
2024-09-18,36546.03906,36675.07031,36127.44922,36380.17188,99900000,0.00489,0.02131,43.68819,-413.90043,-100.58866,0.25513,-2.67140,61.13639,43.57631,23.31342,-5.96112,-2.82265,-2.49906,0.02646,0.00000,0.71420,,,17.61000,2.74213,2,down|low|neg
2024-09-19,36958.92969,37394.51953,36958.92969,37155.32812,114100000,0.02131,0.01530,50.04905,-347.76108,-27.55945,0.45258,-0.67339,88.85745,61.24203,22.81835,0.29076,-2.07573,-2.36465,-0.28965,0.87009,1.70816,,,18.23000,3.52072,3,down|high|neg
2024-09-20,37714.07031,37974.71875,37654.10938,37723.91016,162600000,0.01530,0.00574,54.14100,-246.62245,58.86335,0.59893,0.73916,90.80225,80.26536,21.63964,2.91027,-1.70437,-2.22264,1.69769,0.48939,1.20902,,,16.33000,-10.42238,4,down|high|pos
2024-09-24,38171.35938,38427.14844,37902.98828,37940.58984,113500000,0.00574,-0.00185,55.63262,-147.28727,126.55882,0.66076,1.33101,84.66913,88.10961,20.15700,4.25682,-0.96572,-2.21668,0.28093,0.80219,-0.25195,,,15.89000,-2.69442,1,down|high|pos
2024-09-25,37947.35156,38109.23828,37868.83984,37870.26172,108200000,-0.00185,0.02787,55.00723,-73.39230,160.36303,0.64729,1.09116,82.45318,85.97485,18.74081,4.56849,-0.12665,-2.13798,0.25112,-0.25416,0.83110,,,15.39000,-3.14663,2,down|high|pos
2024-09-26,38266.78906,38925.62891,38240.64844,38925.62891,141000000,0.02787,0.02322,61.92438,69.52783,242.62653,0.89147,3.81274,100.00000,89.04077,18.30517,7.65081,1.13916,-2.05607,-0.18612,-0.46993,1.80953,,,15.41000,0.12995,3,mid|high|pos
2024-09-27,39108.26953,39829.55859,38917.98047,39829.55859,161900000,0.02322,-0.04795,66.65321,252.81831,340.73361,1.03340,6.01112,100.00000,94.15106,18.70173,11.81869,2.36052,-1.88692,0.40387,1.20311,-5.79860,,,15.37000,-0.25957,4,mid|high|pos
2024-09-30,39117.82812,39126.35938,37797.91016,37919.55078,190500000,-0.04795,0.01932,51.96674,241.17554,263.27267,0.62108,0.95873,52.26197,84.08732,17.77602,2.94918,2.49647,-1.87585,-0.12532,0.27163,0.68685,,,16.96000,10.34482,0,mid|high|pos
2024-10-01,38232.46875,38718.12891,38232.46875,38651.96875,132100000,0.01932,-0.02182,55.97287,287.73178,247.86313,0.78365,2.87723,68.19138,73.48445,16.91644,5.65912,2.84376,-1.83810,0.42366,-1.58055,-1.57034,,,16.73000,-1.35613,1,mid|high|pos
2024-10-02,38136.19922,38213.53906,37651.07031,37808.76172,139600000,-0.02182,0.01966,50.72738,253.66409,171.03635,0.60985,0.66523,29.60438,50.01925,15.90920,4.43481,2.84403,-1.83843,-0.93241,0.64924,2.25143,,,19.26000,15.12254,2,mid|high|pos
2024-10-03,38459.12891,38856.75000,38457.62109,38552.05859,126800000,0.01966,0.00217,54.75282,283.37646,160.59898,0.78405,2.61546,41.35842,46.38473,15.21754,5.96997,2.61632,-1.80190,0.01384,0.01808,0.16326,,,18.90000,-1.86916,3,mid|high|pos
2024-10-04,38594.73047,38735.28906,38501.82031,38635.62109,121200000,0.00217,0.01804,55.19597,310.09198,149.85160,0.77618,2.80900,45.19422,38.71901,14.57528,3.98407,1.95208,-1.79256,-0.16814,1.98002,2.58668,,,20.49000,8.41270,4,mid|high|pos
2024-10-07,39239.92188,39560.78125,39195.92969,39332.73828,128000000,0.01804,-0.01005,58.81954,383.09962,178.28739,0.88142,4.55605,77.19426,54.58230,14.75412,4.26474,2.59823,-1.72028,0.89702,0.17601,-1.26546,,,19.21000,-6.24695,0,mid|high|pos
2024-10-08,39021.12891,39117.08984,38817.53906,38937.53906,120400000,-0.01005,0.00874,56.05193,404.40766,159.67634,0.76889,3.47363,59.05328,60.48059,14.46823,2.62766,2.71840,-1.70255,-0.95860,1.34841,1.12349,,,22.64000,17.85529,1,mid|high|pos
2024-10-09,39385.48828,39456.28125,39115.62891,39277.96094,106800000,0.00874,0.00262,57.88997,443.64952,159.13457,0.80821,4.31429,74.67980,70.30911,14.51885,3.71716,3.43581,-1.66434,0.96893,-0.45290,0.84536,,,21.42000,-5.38869,2,mid|high|pos
2024-10-10,39575.80078,39616.58984,39282.19141,39380.89062,103500000,0.00262,0.00571,58.45573,477.54965,154.42776,0.80037,4.51053,88.00830,73.91379,14.71501,1.16957,3.79946,-1.61866,0.71134,0.00878,-0.15716,,,20.86000,-2.61438,3,mid|high|pos
2024-10-11,39636.87109,39668.92969,39415.26172,39605.80078,110900000,0.00571,0.00769,59.72893,516.60897,154.78966,0.82903,4.82275,96.87149,86.51986,14.94786,-0.56179,4.03189,-1.37900,-0.20701,0.67563,0.69232,,,20.93000,0.33557,4,mid|high|pos
2024-10-15,40047.14844,40257.33984,39910.55078,39910.55078,129000000,0.00769,-0.01830,61.45276,565.63426,163.05196,0.85832,5.26674,86.69404,90.52461,15.71549,5.25059,3.97961,-1.06470,0.77077,0.42366,-2.58215,,,19.70000,-5.87673,1,mid|high|pos
2024-10-16,39362.62891,39362.62891,39062.85156,39180.30078,108100000,-0.01830,-0.00687,55.33978,539.34486,109.41004,0.67298,3.03749,40.15515,74.57356,15.28436,1.36690,3.80225,-0.75680,-0.76095,0.22500,0.53522,,,20.64000,4.77157,2,mid|high|pos
2024-10-17,39263.82031,39299.73828,38911.19141,38911.19141,107200000,-0.00687,0.00181,53.23806,491.13395,48.95931,0.58702,2.04046,23.31909,50.05609,14.69632,2.91580,3.31640,-0.46050,0.46791,-0.38151,0.56233,,,19.58000,-5.13566,3,mid|high|pos
2024-10-18,39092.46875,39186.64062,38893.51953,38981.75000,95700000,0.00181,-0.00070,53.73420,453.39351,8.97509,0.58508,1.92371,11.40512,24.95978,14.12737,1.11457,2.80268,-0.14488,-0.01712,0.31993,0.47009,,,19.11000,-2.40041,4,mid|high|pos
2024-10-21,38960.19922,39119.67188,38775.58984,38954.60156,99000000,-0.00070,-0.01393,53.49900,416.49222,-22.34096,0.55243,1.49873,12.08110,15.60177,13.43828,0.82561,2.10602,0.22699,0.39716,0.35032,-0.05032,,,18.03000,-5.65149,0,up|high|neg
2024-10-22,38933.60156,38995.03125,38200.82031,38411.96094,110400000,-0.01393,-0.00799,48.89241,339.54703,-79.42891,0.32209,-0.07956,10.26689,11.25104,12.90213,-2.34099,1.15865,0.45005,-0.18228,-0.33311,-0.08321,,,18.37000,1.88575,1,up|low|neg
2024-10-23,38397.28125,38514.32812,37987.62109,38104.85938,95400000,-0.00799,0.00101,46.45450,250.89473,-134.46497,0.18865,-1.03526,5.16532,9.17110,12.66152,-2.13850,0.43996,0.69611,-0.04749,0.67178,-0.64259,,,18.20000,-0.92542,2,up|low|neg
2024-10-24,37804.51953,38320.39062,37712.19141,38143.28906,108700000,0.00101,-0.00601,46.81191,181.64422,-162.97239,0.18877,-1.13471,16.93802,10.79008,12.76488,-2.88883,-0.16013,0.99662,-0.91913,0.35391,-0.31012,,,19.24000,5.71428,3,mid|low|neg
2024-10-25,37954.78125,38028.14062,37713.00000,37913.92188,90700000,-0.00601,0.01824,44.88617,107.02100,-190.07649,0.13482,-1.88524,7.92608,10.00981,12.86087,-3.72508,-0.87131,1.26320,0.21458,1.07914,0.47760,,,19.08000,-0.83160,4,mid|low|neg
2024-10-28,37757.94922,38740.17188,37757.94922,38605.53125,116600000,0.01824,0.00772,51.38092,102.50702,-155.67237,0.43278,-0.24522,54.12746,26.33052,12.00758,-2.52556,-1.20030,1.49235,-0.02994,-0.64541,-0.14384,,,20.33000,6.55136,0,mid|high|neg
2024-10-29,38524.30078,38903.67969,38416.85156,38903.67969,97400000,0.00772,0.00961,53.90284,121.58617,-109.27457,0.54281,0.40275,75.05216,45.70190,11.43842,-2.52282,-1.06682,1.71130,0.26514,0.77017,0.69742,,,19.80000,-2.60699,1,mid|high|neg
2024-10-30,39102.89062,39417.87891,39094.30078,39277.39062,221800000,0.00961,-0.00499,56.91929,164.96033,-52.72033,0.69685,1.22753,91.76354,73.64772,11.57128,0.24780,-0.59878,1.94281,0.16141,0.14842,-0.08247,,,19.34000,-2.32323,2,mid|high|neg
2024-10-31,39179.71875,39249.21094,38832.21094,39081.25000,144300000,-0.00499,-0.02629,54.88916,181.41650,-29.01133,0.58772,0.59644,80.26433,82.36001,11.28759,0.43704,-0.23985,2.18257,-0.33002,0.06202,-1.94787,,,20.35000,5.22234,3,mid|high|neg
2024-11-01,38504.35156,38512.82812,37946.66016,38053.67188,130300000,-0.02629,0.01107,45.69404,110.27004,-80.12623,0.11040,-1.96056,20.02011,64.01599,11.12756,-2.38080,-0.07820,2.20327,-1.86147,-0.04567,1.46196,,,23.16000,13.80835,4,mid|low|neg
2024-11-05,38274.21875,38620.19141,38159.73047,38474.89844,120000000,0.01107,0.02614,49.43358,86.87399,-82.81783,0.31443,-0.73676,44.71552,48.33332,10.82474,-1.23144,-0.00591,2.16103,-0.28121,0.20200,1.10488,,,21.98000,-5.09499,1,mid|low|neg
2024-11-06,38677.94922,39664.53125,38662.17188,39480.67188,170600000,0.02614,-0.00251,57.04036,147.78638,-17.52435,0.77699,1.69425,90.58261,51.77275,10.87106,2.78223,0.13050,2.38379,1.22656,-0.00722,1.31540,,,20.49000,-6.77889,2,up|high|neg
2024-11-07,39745.23047,39884.01172,39020.21875,39381.41016,190000000,-0.00251,0.00302,56.14273,185.90727,16.47723,0.71667,1.36239,76.84943,70.71586,11.15073,3.35010,0.10884,2.48759,2.52959,-0.55229,0.73336,,,16.27000,-20.59541,3,up|high|pos
2024-11-08,39783.44922,39818.41016,39377.87109,39500.37109,159300000,0.00302,0.00083,57.01576,223.14522,42.97215,0.76087,1.49183,81.95535,83.12913,11.41041,3.55785,0.15018,2.68643,0.74312,1.90511,-0.92498,,,15.20000,-6.57653,4,up|high|pos
2024-11-11,39417.21094,39598.73828,39315.60938,39533.32031,122700000,0.00083,-0.00398,57.26948,252.40572,57.78612,0.76864,1.47415,81.89841,80.23440,11.55183,4.27125,0.80887,2.79236,0.37568,-0.73873,0.25720,,,14.94000,-1.71053,0,up|high|pos
2024-11-12,39642.78125,39866.71875,39137.89062,39376.08984,163000000,-0.00398,-0.01662,55.58345,259.91159,52.23359,0.70905,0.99379,73.78267,79.21214,12.01329,1.99598,1.19457,2.87841,0.09691,-0.18017,-0.29482,,,14.97000,0.20081,1,up|high|pos
2024-11-13,39317.14844,39377.23828,38600.26172,38721.66016,150400000,-0.01662,-0.00480,49.10356,210.62508,2.35767,0.43728,-0.62242,40.00306,65.22805,11.57034,-0.46787,0.86846,2.82958,-0.28927,0.37670,0.64135,,,14.71000,-1.73681,2,up|low|pos
2024-11-14,38911.03906,39084.44141,38535.69922,38535.69922,133800000,-0.00480,0.00278,47.41212,154.77552,-42.79351,0.36149,-1.05887,30.40435,48.06336,11.05930,-1.88834,0.47581,2.76308,0.02322,0.76557,1.12701,,,14.02000,-4.69068,3,up|low|neg
2024-11-15,38749.55859,39101.64062,38642.91016,38642.91016,143900000,0.00278,-0.01092,48.51326,117.80736,-63.80934,0.42095,-0.71885,28.02209,32.80983,10.61052,-1.12161,0.10079,2.66082,-0.60497,0.50047,-1.62490,,,14.31000,2.06847,4,up|low|neg
2024-11-18,38259.58984,38548.30078,38150.39062,38220.85156,106000000,-0.01092,0.00506,44.55781,53.83268,-102.22722,0.23937,-1.68600,4.06438,20.83027,10.29110,0.43933,-0.45494,2.54737,-1.32035,0.66847,0.31174,,,16.14000,12.78825,0,mid|low|neg
2024-11-19,38396.71875,38560.10156,38246.35938,38414.42969,109200000,0.00506,-0.00162,46.70414,18.53871,-110.01695,0.34588,-1.06679,15.23049,15.77232,9.97417,-0.15716,-0.82810,2.42569,0.39178,-1.15295,-0.36296,,,15.58000,-3.46964,1,mid|low|neg
2024-11-20,38475.69922,38520.44922,38180.14844,38352.33984,103500000,-0.00162,-0.00850,46.08784,-14.27756,-114.26657,0.31849,-1.06789,11.76635,10.35374,9.78707,-2.85794,-0.85919,2.28823,0.39636,-0.03039,-0.18862,,,16.35000,4.94224,2,mid|low|neg
2024-11-21,38352.87109,38374.69141,37945.21094,38026.17188,101900000,-0.00850,0.00678,42.88629,-65.84470,-132.66697,0.16912,-1.79231,4.21341,10.40342,9.99328,-3.44131,-1.00417,2.17002,0.00220,0.06532,0.53602,,,17.16000,4.95413,3,mid|low|neg
2024-11-22,38146.98047,38420.62891,38085.12891,38283.85156,103300000,0.00678,0.01296,46.07342,-84.94030,-121.41006,0.28382,-1.06270,17.62369,11.20115,10.08862,-3.07977,-1.12556,2.01859,0.53405,0.37293,0.81274,,,16.87000,-1.68997,4,mid|low|neg
2024-11-25,38679.92969,39053.64062,38672.17188,38780.14062,192400000,0.01296,-0.00872,51.66762,-59.34324,-76.65040,0.49889,0.24076,58.30403,26.71371,9.75623,-1.90518,-0.81581,1.73549,0.34680,-0.69352,0.03832,,,15.24000,-9.66213,0,mid|high|neg
2024-11-26,38596.76172,38596.76172,38020.07812,38442.00000,122800000,-0.00872,-0.00799,48.01301,-65.58647,-66.31491,0.33237,-0.58059,42.95886,39.62886,9.74910,-2.37223,-0.74895,1.54746,0.30205,-0.04669,-0.29135,,,14.60000,-4.19947,1,mid|low|neg
2024-11-27,38327.85938,38332.44922,37988.98828,38134.96875,120500000,-0.00799,0.00561,44.90697,-94.22299,-75.96114,0.20742,-1.34637,16.40894,39.22394,9.78955,-1.51515,-0.83297,1.41022,0.57220,0.15051,-0.85215,,,14.10000,-3.42466,2,mid|low|neg
2024-11-28,37935.94141,38478.32031,37801.62109,38349.05859,103400000,0.00561,-0.00368,47.45933,-98.50685,-64.19600,0.33127,-0.81759,43.72436,34.36405,10.11673,-0.48433,-0.69101,1.31118,-0.38012,-0.88679,-1.40566,,,14.10000,0.00000,3,mid|low|neg
2024-11-29,38205.07812,38270.05859,37986.96875,38208.03125,102300000,-0.00368,0.00798,45.94920,-111.99061,-62.14381,0.28384,-1.18895,32.46037,30.86455,10.42054,-1.12538,-0.73687,1.20542,-0.38012,-1.09340,0.24071,,,14.10000,0.00000,4,mid|low|neg
2024-12-02,38216.94922,38552.41016,37958.55078,38513.01953,110500000,0.00798,0.01911,49.67837,-96.94902,-37.68177,0.42044,-0.46190,56.82008,44.33493,10.10443,0.76442,-0.93643,1.18761,0.56078,-0.10705,0.26479,,,13.51000,-4.18440,0,mid|low|neg
2024-12-03,38748.64844,39427.37109,38746.05078,39248.85938,142200000,0.01911,0.00070,57.32796,-25.35998,27.12581,0.76948,1.37248,89.01973,59.43339,10.44129,2.17218,-0.58548,1.15592,0.24485,-0.84406,-0.02257,,,13.34000,-1.25833,1,mid|high|pos
2024-12-04,39354.00000,39417.07812,39062.03125,39276.39062,119100000,0.00070,0.00304,57.58774,33.21352,68.55945,0.79649,1.40454,90.71318,78.85100,10.75408,2.40937,-0.03435,1.10506,0.04514,-0.26018,0.88758,,,13.30000,-0.29985,2,mid|high|pos
2024-12-05,39610.42969,39632.30078,39323.03906,39395.60156,116400000,0.00304,-0.00773,58.75850,88.23564,98.86526,0.85641,1.69991,87.07042,88.93444,11.36731,3.60128,0.49377,1.07052,0.60514,0.09298,-0.14114,,,13.45000,1.12782,3,up|high|pos
2024-12-06,39371.55859,39468.46875,38940.44141,39091.17188,101500000,-0.00773,0.00177,54.61254,106.05362,93.34659,0.72329,0.91299,70.44109,82.74156,11.15082,2.10878,0.94871,1.01173,-0.18698,0.61478,0.62374,,,13.54000,0.66915,4,up|high|pos
2024-12-09,39332.55078,39332.55078,38972.78125,39160.50000,113100000,0.00177,0.00529,55.38459,124.33543,89.30272,0.78828,0.97655,74.22811,77.24654,10.94978,0.98081,1.16737,1.08860,0.24955,-0.23910,0.40730,,,12.77000,-5.68685,0,up|high|pos
2024-12-10,39375.48828,39465.14062,39171.69141,39367.57812,110300000,0.00529,0.00012,57.69915,153.76091,94.98256,0.90813,1.41713,85.53965,76.73628,10.99706,2.40773,1.13548,1.13191,-0.61442,-0.11784,-0.12086,,,14.19000,11.11980,1,up|high|pos
2024-12-11,39357.76953,39401.92969,39112.80078,39372.23047,105800000,0.00012,0.01211,57.75218,175.43393,93.32447,0.86912,1.44045,84.46182,81.40986,10.90700,3.24443,1.19617,1.07983,-0.29639,0.91849,1.75954,,,14.18000,-0.07047,2,up|high|pos
2024-12-12,39849.96875,40091.55078,39827.58984,39849.14062,121100000,0.01211,-0.00950,62.88816,228.45909,117.07970,1.02131,2.61972,88.63525,86.21224,11.95077,3.91165,1.38100,1.07644,0.81658,0.26353,-0.47464,,,13.58000,-4.23131,3,up|high|pos
2024-12-13,39624.05078,39734.98828,39247.41016,39470.44141,123900000,-0.00950,-0.00033,56.96604,237.18987,100.64838,0.80818,1.64762,53.83802,75.64503,11.69383,3.30404,1.57947,1.02564,-0.54140,0.28852,0.21423,,,13.92000,2.50368,4,up|high|pos
2024-12-16,39551.21875,39632.17188,39371.42188,39457.48828,87500000,-0.00033,-0.00235,56.76912,240.29390,83.00193,0.77332,1.62220,44.91727,62.46351,11.45525,2.45234,1.74039,0.97680,-0.00265,0.22464,0.51324,,,13.81000,-0.79023,0,up|high|pos
2024-12-17,39589.64844,39796.21875,39364.67969,39364.67969,115700000,-0.00235,-0.00719,55.29427,232.58391,60.23355,0.70896,1.38437,36.85473,45.20334,11.51468,0.29509,1.74009,0.94086,0.37994,0.56754,-0.29133,,,14.69000,6.37219,1,up|high|pos
2024-12-18,39176.87891,39382.69141,39081.71094,39081.71094,132200000,-0.00719,-0.00686,50.94817,201.31979,23.17554,0.56472,0.61826,12.27247,31.34816,10.97758,-0.49567,1.55277,0.95313,-0.38640,0.41250,-1.70594,,,15.87000,8.03268,2,up|high|pos
2024-12-19,38522.26953,38913.07031,38355.51953,38813.57812,147700000,-0.00686,-0.00288,47.16517,153.14135,-20.00232,0.41382,-0.10066,26.38539,25.17086,11.16716,-1.47738,0.99065,0.97622,-2.94928,-0.33357,0.57048,,,27.62000,74.03907,3,up|low|neg
2024-12-20,38950.28125,39039.67969,38701.89844,38701.89844,184500000,-0.00288,0.01187,45.64494,104.74059,-54.72246,0.33926,-0.39415,19.95234,19.53673,11.09285,-0.99581,0.58892,0.98232,-0.08651,0.71693,0.42143,,,24.09000,-12.78060,4,up|low|neg
2024-12-23,39040.71875,39210.17188,38847.12891,39161.33984,103200000,0.01187,-0.00318,52.43695,102.27673,-45.74905,0.57391,0.69081,46.41739,30.91837,10.68707,0.00214,0.33934,1.06345,1.08691,1.92082,0.32854,,,18.36000,-23.78580,0,up|high|neg
2024-12-24,39210.23047,39245.75000,38995.76172,39036.85156,116200000,-0.00318,0.00240,50.59225,89.25013,-47.02053,0.49115,0.30652,39.24653,35.20542,10.23852,-0.84010,0.10667,1.05850,0.72873,-0.70475,0.46917,,,16.78000,-8.60566,1,up|high|neg
2024-12-25,39168.51953,39180.58984,38927.16016,39130.42969,116100000,0.00240,0.01118,51.96035,85.49193,-40.62298,0.51762,0.46663,53.78709,46.48367,9.95451,-0.61414,0.05169,1.05278,1.10428,0.40374,0.22890,,,14.27000,-14.95828,2,up|high|neg
2024-12-26,39129.30859,39592.28125,39110.92188,39568.05859,131400000,0.01118,0.01802,57.83987,116.48376,-7.70492,0.77456,1.42961,84.16323,59.06562,9.64197,-0.70537,0.28032,1.10170,1.10428,-0.03690,0.51036,,,14.27000,0.00000,3,up|high|neg
2024-12-27,39672.14844,40398.23047,39669.39062,40281.16016,159500000,0.01802,-0.00960,65.29372,196.32327,57.70767,1.17321,3.04656,94.26888,77.40640,10.63478,2.05399,0.88338,1.16663,-0.04057,0.01655,-0.48698,,,14.73000,3.22354,4,up|high|pos
2024-12-30,40325.78125,40325.78125,39864.46094,39894.53906,110600000,-0.00960,-0.01473,59.18425,225.79671,69.74489,0.88972,1.94126,75.34201,84.59137,11.55668,1.10765,1.14317,1.15161,-1.10557,0.39139,-1.33988,,,15.95000,8.28242,0,up|high|pos
2025-01-06,39945.42188,39993.50000,39232.78125,39307.05078,137900000,-0.01473,0.01975,51.32534,199.45009,34.71862,0.47761,0.35134,46.58179,72.06422,11.11175,-0.14640,1.19179,1.11256,1.25960,-0.22635,0.99969,,,16.13000,1.12852,0,up|high|pos
2025-01-07,39584.35938,40288.80078,39584.35938,40083.30078,127000000,0.01975,-0.00255,59.06075,238.45830,58.98146,0.94868,2.12992,81.43467,67.78616,11.16584,2.56281,1.47642,1.20054,0.55380,0.07562,-0.84399,,,16.04000,-0.55796,1,up|high|pos
2025-01-08,39879.35938,40105.71875,39705.80859,39981.05859,118800000,-0.00255,-0.00940,57.75875,258.14674,62.93592,0.84598,1.70025,73.10480,67.04042,11.21607,3.00792,1.51803,1.25053,-1.11039,0.16637,-0.12771,,,17.82000,11.09725,2,up|high|pos
2025-01-09,39888.91016,39930.07031,39385.05078,39605.08984,117000000,-0.00940,-0.01047,53.12122,240.63851,36.34215,0.60434,0.60089,46.08411,66.87453,10.62289,2.33371,1.03047,1.27615,0.15604,0.31253,-0.16940,,,17.70000,-0.67339,3,up|high|pos
2025-01-10,39550.25000,39591.46094,39166.05078,39190.39844,113200000,-0.01047,-0.01827,48.49600,191.09811,-10.55860,0.34958,-0.52093,17.89434,45.69442,10.06486,0.07420,0.60351,1.24825,0.15604,-0.02780,-1.12374,,,17.70000,0.00000,4,up|low|neg
2025-01-14,39010.96094,39054.35156,38305.91016,38474.30078,126900000,-0.01827,-0.00077,41.73787,92.98206,-86.93972,0.00036,-2.26177,8.04803,24.00883,10.86847,-1.44108,0.25960,1.12292,0.15754,-0.10187,0.72958,,,19.19000,8.41808,1,up|low|neg
2025-01-15,38721.60938,38774.98828,38316.01172,38444.57812,100700000,-0.00077,0.00333,41.47949,12.67984,-133.79355,0.05266,-2.25466,6.62747,10.85661,11.61469,-1.75273,-0.48888,1.01252,0.11463,-0.33125,0.71641,,,18.71000,-2.50131,2,mid|low|neg
2025-01-16,38732.64844,38932.53906,38426.19922,38572.60156,114200000,0.00333,-0.00314,43.11301,-40.16680,-149.31216,0.15671,-1.84701,13.20339,9.29296,11.97073,-2.51581,-1.12232,0.90613,1.83128,0.43593,-0.66784,,,16.12000,-13.84286,3,mid|low|neg
2025-01-17,38454.10156,38503.94141,38055.67969,38451.46094,115300000,-0.00314,0.01173,41.92059,-90.77677,-159.93770,0.14233,-2.09151,17.72323,12.51803,12.83530,-4.54232,-1.64539,0.82037,-0.21127,-1.13572,0.93245,,,16.60000,2.97766,4,mid|low|neg
2025-01-20,38671.76953,39032.92969,38671.76953,38902.50000,87500000,0.01173,0.00323,47.71856,-93.41363,-130.05965,0.36273,-0.91700,37.92093,22.94918,12.56470,-2.48665,-1.76619,0.79467,0.99911,-0.57534,-0.23777,,,15.97000,-3.79518,0,mid|low|neg
2025-01-21,39163.53125,39238.21094,38643.83984,39027.98047,93300000,0.00323,0.01584,49.23683,-84.40517,-96.84095,0.42788,-0.56301,47.42840,34.35752,11.93816,-0.70998,-1.45005,0.78745,0.99911,0.61150,0.69699,,,15.97000,0.00000,1,mid|low|neg
2025-01-22,39355.21875,39694.57031,39332.62891,39646.25000,108500000,0.01584,0.00789,56.01473,-27.06473,-31.60041,0.69503,0.98404,84.85800,56.73578,11.58120,-1.09036,-0.86540,0.75603,0.87682,-0.67624,0.46347,,,15.06000,-5.69818,2,mid|high|neg
2025-01-23,39810.05859,40036.07031,39677.21875,39958.87109,119100000,0.00789,-0.00067,58.99598,43.10698,30.85704,0.80219,1.76895,96.10182,76.12941,11.76109,-0.05550,-0.17036,0.72225,0.61379,0.33817,-0.14733,,,15.10000,0.26560,3,mid|high|pos
2025-01-24,40060.48828,40279.78906,39806.69141,39931.98047,122600000,-0.00067,-0.00917,58.62788,95.44845,66.55881,0.76260,1.65267,84.36189,88.44057,12.27065,0.82538,0.53650,0.69648,0.53135,0.42754,1.29725,,,15.02000,-0.52980,4,up|high|pos
2025-01-27,40127.73828,40255.67969,39520.78906,39565.80078,117200000,-0.00917,-0.01387,53.71316,106.15807,61.81475,0.59322,0.70940,67.89779,82.78717,12.18434,0.95789,0.86308,0.67271,-0.28551,-0.18218,-1.40475,,,14.85000,-1.13182,0,up|high|pos
2025-01-28,39400.01953,39448.55078,38886.05078,39016.87109,132000000,-0.01387,0.01020,47.31052,69.54976,20.16515,0.35366,-0.65265,43.21691,65.15887,11.60335,1.41021,0.89315,0.62395,-1.45807,-0.26320,0.96914,,,17.90000,20.53871,1,up|low|pos
2025-01-29,39273.80078,39448.23828,39129.14062,39414.78125,108600000,0.01020,0.00252,51.79605,71.81757,17.94637,0.52143,0.32650,61.10768,57.40746,11.06387,2.52364,0.74110,0.65527,0.92179,-0.53614,-0.34196,,,16.41000,-8.32402,2,up|high|pos
2025-01-30,39302.85156,39600.92969,39221.35938,39513.96875,107900000,0.00252,0.00148,52.87306,80.68830,21.45368,0.56622,0.50730,53.18801,52.50420,10.29108,2.44051,0.44298,0.70721,-0.46789,0.41961,0.23038,,,16.56000,0.91407,3,up|high|pos
2025-01-31,39574.37891,39681.82031,39458.94922,39572.48828,123300000,0.00148,-0.02659,53.53270,91.38700,25.72190,0.61507,0.56707,56.76511,57.02027,9.68487,2.91543,0.17137,0.78628,0.52754,-0.25007,-0.70122,,,15.84000,-4.34782,4,up|high|pos
2025-02-03,38932.66016,38948.60938,38401.82031,38520.08984,169200000,-0.02659,0.00722,42.11577,14.77572,-40.71150,0.15955,-2.04357,6.29774,38.75029,10.48877,-0.98300,-0.29514,0.75020,-0.50468,-0.69150,1.11607,,,16.43000,3.72475,0,mid|low|neg
2025-02-04,39078.66016,39192.51172,38590.96094,38798.37109,144300000,0.00722,0.00085,45.42993,-23.21668,-62.96312,0.30274,-1.31197,21.11594,28.05960,10.78095,-0.58832,-0.38210,0.75355,-0.76086,0.82156,0.86764,,,18.62000,13.32928,1,mid|low|neg
2025-02-05,38979.21094,39118.94922,38682.17969,38831.48047,151200000,0.00085,0.00605,45.82735,-50.07702,-71.85877,0.33735,-1.19770,22.87898,16.76422,11.05225,-2.05510,-0.64862,0.76006,0.72249,-0.05536,0.35672,,,17.21000,-7.57251,2,mid|low|neg
2025-02-06,38977.57812,39190.12891,38851.51172,39066.53125,154700000,0.00605,-0.00715,48.68450,-51.80028,-58.86562,0.46988,-0.54887,35.85552,26.61682,11.16105,-2.23315,-0.82569,0.71254,0.39087,-0.73675,-0.28549,,,15.77000,-8.36722,3,mid|low|neg
2025-02-07,38907.76172,39007.94141,38753.19922,38787.01953,148700000,-0.00715,0.00036,45.60428,-74.85732,-65.53814,0.34517,-1.10997,30.09369,29.60940,11.42040,-2.86728,-1.07509,0.56358,0.36443,-0.99070,-1.12672,,,15.50000,-1.71211,4,mid|low|neg
2025-02-10,38736.37109,38895.73828,38606.32031,38801.17188,134600000,0.00036,0.00419,45.79129,-90.93992,-65.29659,0.36357,-0.96345,31.19934,32.38285,11.89976,-1.93255,-0.82117,0.45765,-0.94648,-0.92592,0.30625,,,16.54000,6.70968,0,mid|low|neg
2025-02-12,39049.12109,39102.64844,38794.23828,38963.69922,175500000,0.00419,0.01278,48.00223,-89.53876,-51.11634,0.43239,-0.51374,43.89679,35.06327,11.87133,-0.13628,-0.70197,0.42212,0.03396,-0.05729,0.43964,,,16.02000,-3.14390,2,mid|low|neg
2025-02-13,39225.50000,39581.46875,39112.17188,39461.46875,130400000,0.01278,-0.00791,54.16769,-47.71248,-7.43205,0.67971,0.82125,82.78503,52.62705,11.17908,0.11845,-0.31695,0.32235,-0.27239,0.64576,-0.06186,,,15.89000,-0.81149,3,mid|high|neg
2025-02-14,39419.25000,39543.92969,39133.94141,39149.42969,132900000,-0.00791,0.00063,50.15308,-39.29088,0.79164,0.48849,0.10909,63.37561,63.35248,10.53628,-0.92256,-0.18976,0.20131,1.04263,0.99255,-0.12626,,,15.10000,-4.97168,4,mid|high|pos
2025-02-17,39094.08984,39238.75000,39021.23047,39174.25000,111300000,0.00063,0.00245,50.46755,-30.26503,7.85399,0.48036,0.21672,58.88788,68.34951,9.86455,-1.00635,0.05237,0.12189,-0.00719,-0.82072,-0.18954,,,14.77000,-2.18543,0,up|high|pos
2025-02-18,39187.98828,39508.55078,39151.71094,39270.39844,116000000,0.00245,-0.00269,51.73773,-15.17863,18.35231,0.53008,0.45447,68.10021,63.45457,9.63611,1.94784,0.28424,0.08372,-0.00719,-0.63142,0.07538,,,14.77000,0.00000,1,up|high|pos
2025-02-19,39230.62109,39298.05078,38994.69922,39164.60938,124300000,-0.00269,-0.01242,50.21203,-11.62485,17.52488,0.45737,0.11315,57.25170,61.41326,9.07275,0.94395,0.31617,0.13531,0.24450,-0.38086,-0.45860,,,15.35000,3.92688,2,up|high|pos
2025-02-20,38942.91016,38967.01172,38468.71875,38678.03906,125200000,-0.01242,0.00256,43.81252,-47.52279,-14.69845,0.17833,-1.15423,18.81108,48.05433,9.33611,-0.39515,-0.10820,0.16692,0.23770,0.32157,-0.31811,,,15.27000,-0.52117,3,mid|low|neg
2025-02-21,38523.07031,38808.80859,38456.53125,38776.94141,130100000,0.00256,-0.01390,45.33753,-67.21674,-27.51392,0.25820,-0.92217,28.48249,34.84842,9.60275,-0.74127,-0.31941,0.20496,-0.43342,-0.46797,-1.66837,,,15.66000,2.55402,4,mid|low|neg
2025-02-25,38359.67188,38485.94922,38131.78906,38237.78906,132900000,-0.01390,-0.00250,39.10634,-124.88978,-68.14957,-0.06096,-2.27840,7.31196,18.20184,10.42375,-1.41602,-0.77629,0.21194,-0.49691,-0.01406,-0.73955,,,18.98000,21.20051,1,mid|low|neg
2025-02-26,38143.67969,38175.23828,37742.76172,38142.37109,120800000,-0.00250,0.00298,38.10810,-176.26365,-95.61875,-0.03518,-2.44645,21.73317,19.17587,11.78609,-1.69789,-1.27614,0.13103,-0.46797,0.31931,-0.22907,,,19.43000,2.37092,2,mid|low|neg
2025-02-27,38251.10938,38369.96094,38061.94141,38256.17188,121600000,0.00298,-0.02877,40.07286,-205.42700,-99.82569,0.09452,-2.07807,28.50429,19.18314,12.54913,-1.81586,-1.66318,0.05944,0.01360,-0.52447,-1.75441,,,19.10000,-1.69840,3,mid|low|neg
2025-02-28,37853.48047,37925.28125,36840.12109,37155.50000,191600000,-0.02877,0.01695,30.11516,-313.73762,-166.50904,-0.25192,-4.65224,11.81890,20.68545,14.74361,-5.84360,-2.19318,-0.11642,-1.58646,-0.16099,1.16941,,,21.13000,10.62827,4,down|low|neg
2025-03-03,37617.50000,37827.62109,37372.26172,37785.46875,115800000,0.01695,-0.01202,39.39727,-344.76710,-158.03081,0.08666,-2.81882,35.42712,25.25010,16.78133,-3.48399,-2.48449,-0.28486,1.58541,0.78877,-1.25834,,,19.63000,-7.09891,0,down|low|neg
2025-03-04,37532.01172,37587.48828,36816.16016,37331.17969,138200000,-0.01202,0.00233,35.71349,-401.38855,-171.72181,-0.02460,-3.72963,20.75110,22.66570,19.17621,-4.70480,-2.69048,-0.47784,-1.75967,0.50596,-1.00768,,,22.78000,16.04688,1,down|low|neg
2025-03-05,37345.73828,37606.33984,37178.71875,37418.23828,130900000,0.00233,0.00766,36.93055,-434.23102,-163.65142,0.07080,-3.29089,27.99255,28.05692,21.35161,-4.71643,-2.84874,-0.62639,-1.22348,-0.97234,0.73964,,,23.51000,3.20456,2,down|low|neg
2025-03-06,37654.94922,37874.37891,37580.87891,37704.92969,137700000,0.00766,-0.02169,40.89859,-432.14382,-129.25138,0.20883,-2.41757,44.60243,31.11536,22.68140,-3.72704,-3.00212,-0.70434,1.11593,0.33087,-2.14807,,,21.93000,-6.72054,3,down|low|neg
2025-03-07,37198.30078,37221.64844,36813.62109,36887.17188,136800000,-0.02169,0.00383,34.27454,-490.81808,-150.34051,0.00495,-4.28352,4.39811,25.66436,24.62812,-4.63019,-2.88690,-0.90187,-1.78190,-0.60147,1.03784,,,24.87000,13.40629,4,down|low|neg
2025-03-10,36972.58984,37113.48047,36705.01953,37028.26953,109800000,0.00383,-0.00635,36.19476,-519.93892,-143.56908,0.10463,-3.66885,19.41510,22.80521,26.52406,-4.50957,-3.02968,-1.10643,0.55206,-0.53056,-1.49418,,,23.37000,-6.03136,0,down|low|neg
2025-03-11,36584.37109,36793.10938,35987.12891,36793.10938,153600000,-0.00635,0.00071,34.39135,-555.58837,-143.37483,0.09099,-4.00299,33.82448,19.21256,28.80583,-3.77815,-3.02918,-1.32985,-2.69731,-0.33759,-0.72869,,,27.86000,19.21266,1,down|low|neg
2025-03-12,36763.10156,36956.32812,36658.85938,36819.08984,128700000,0.00071,-0.00079,34.77799,-575.11485,-130.32105,0.14325,-3.76436,42.92547,32.05501,30.52503,-3.46932,-3.16993,-1.45760,-0.75679,-0.36516,0.77653,,,26.92000,-3.37401,2,down|low|neg
2025-03-13,37081.64062,37326.26953,36776.94141,36790.03125,119300000,-0.00079,0.00715,34.53286,-586.17742,-113.10690,0.17293,-3.63798,42.54351,39.76448,31.25516,-3.83243,-3.44546,-1.60962,0.48869,0.66160,-0.24472,,,24.23000,-9.99257,3,down|low|neg
2025-03-14,36606.78125,37154.39062,36594.03906,37053.10156,134800000,0.00715,0.00927,38.74239,-567.17893,-75.28672,0.26584,-2.76777,56.48285,47.31728,32.10467,-0.27559,-3.17814,-1.74908,-1.38910,0.16009,1.43550,,,24.66000,1.77466,4,down|low|neg
2025-03-17,37453.82812,37563.26953,37377.55078,37396.51953,120300000,0.00927,0.01200,43.82073,-518.43533,-21.23450,0.38186,-1.69427,74.67959,57.90198,31.98456,-1.02936,-2.81451,-1.90007,2.12659,-0.22255,1.39981,,,21.77000,-11.71938,0,down|low|neg
2025-03-18,37868.57031,38004.19922,37822.87109,37845.42188,133500000,0.01200,-0.00247,49.69176,-438.52793,46.93832,0.53816,-0.41563,92.12832,74.43026,31.00127,1.37751,-2.16439,-1.98243,0.64161,0.43867,-0.17287,,,20.51000,-5.78778,1,down|low|pos
2025-03-19,37839.39062,38128.57812,37751.87891,37751.87891,116800000,-0.00247,-0.00198,48.55309,-378.38706,85.66335,0.53648,-0.55194,82.40915,83.07235,29.85481,0.89165,-1.56478,-2.05604,-1.06535,0.52557,0.24667,,,21.70000,5.80205,2,down|low|pos
2025-03-21,37619.37109,37968.01953,37619.37109,37677.05859,181800000,-0.00198,-0.00182,47.61329,-332.92462,104.90064,0.54194,-0.61430,78.91524,84.48423,28.97697,-0.07392,-0.96318,-2.16308,-0.21849,-0.64368,-0.13817,,,19.80000,-8.75577,4,down|low|pos
2025-03-24,37841.67969,37841.67969,37608.48828,37608.48828,101600000,-0.00182,0.00457,46.72074,-298.98188,111.07470,0.53929,-0.60083,75.71318,79.01252,28.17780,1.95547,-0.47559,-2.33668,0.08247,0.07138,0.94796,,,19.28000,-2.62626,0,down|low|pos
2025-03-25,37953.14844,38115.64844,37686.26172,37780.53906,107300000,0.00457,0.00653,49.28940,-255.25652,123.84005,0.66438,-0.00139,77.31963,77.31602,26.85961,2.03161,-0.12807,-2.45893,1.76460,0.72748,0.72646,,,17.48000,-9.33611,1,down|low|pos
2025-03-26,38106.66016,38220.69141,37873.28125,38027.28906,117100000,0.00653,-0.00598,52.80372,-198.40609,144.55239,0.81209,0.77409,88.11041,80.38108,25.42009,3.35438,0.08975,-2.57131,0.15743,0.73291,-0.84752,,,17.15000,-1.88787,2,mid|high|pos
2025-03-27,37750.66016,37859.05859,37556.75000,37799.96875,140000000,-0.00598,-0.01798,49.40673,-169.73793,138.57644,0.70499,0.32806,74.13567,79.85524,24.62927,2.66405,0.27153,-2.69929,-1.11569,-0.54652,-0.23801,,,18.33000,6.88047,3,mid|low|pos
2025-03-28,37357.51953,37359.94922,36864.92969,37120.32812,133200000,-0.01798,-0.04048,40.92889,-199.55913,87.00419,0.33020,-1.26153,18.83800,60.36136,24.88390,0.89779,0.19345,-2.83925,-0.33070,0.34879,-1.98093,,,18.69000,1.96400,4,mid|low|pos
2025-03-31,36440.17969,36440.17969,35541.71875,35617.55859,168400000,-0.04048,0.00019,29.05646,-340.52819,-43.17190,-0.26780,-4.94932,2.83093,31.93487,26.40150,-3.87429,-0.54184,-3.03338,-1.97372,0.24854,0.97548,,,21.65000,15.83734,0,down|cold|neg
2025-04-01,35961.19141,36052.53906,35537.85938,35624.48047,123600000,0.00019,0.00285,29.15839,-446.54120,-119.34793,-0.10649,-4.60985,3.22872,8.29922,27.81372,-4.73851,-1.36066,-3.23378,0.55385,-0.81539,0.29620,,,22.28000,2.90994,1,down|cold|neg
2025-04-02,35751.01953,35778.89844,35426.32812,35725.87109,128700000,0.00285,-0.02771,30.72845,-516.42290,-151.38370,0.01812,-4.08029,10.71954,5.59306,29.21664,-5.60055,-2.33037,-3.38179,0.37812,0.19783,0.68334,,,21.77000,-2.28905,2,down|low|neg
2025-04-03,35041.67188,35044.73047,34102.00000,34735.92969,195800000,-0.02771,-0.02750,24.92097,-644.25804,-223.37507,-0.13446,-6.39573,15.39153,9.77993,31.39559,-7.98887,-3.62310,-3.58771,0.67282,-0.08671,-2.56486,,,21.51000,-1.19431,3,down|cold|neg
2025-04-04,34304.66016,34320.10938,33259.76172,33780.57812,227600000,-0.02750,-0.07827,20.82962,-813.28219,-313.91938,-0.17658,-8.52888,10.49836,12.20315,33.81551,-10.34179,-4.96458,-3.86677,-4.83956,-1.27585,-4.76776,,,30.02000,39.56299,4,down|cold|neg
2025-04-07,33154.96875,33158.87109,30792.74023,31136.58008,266700000,-0.07827,0.06025,13.98608,-1147.35756,-518.39580,-0.30855,-15.13505,4.62900,10.17296,36.81430,-17.20864,-6.78361,-4.21970,-5.97496,-1.10974,3.22264,,,45.31000,50.93271,0,down|cold|neg
2025-04-08,31729.10938,33257.16016,31703.68945,33012.57812,191900000,0.06025,-0.03933,31.24646,-1246.36996,-493.92656,0.04774,-9.55123,31.41435,15.51390,39.43771,-12.62015,-7.72725,-4.49082,-0.23315,-0.54571,-2.34025,,,46.98000,3.68572,1,down|low|neg
2025-04-09,32529.23047,32565.83984,31258.17969,31714.02930,199300000,-0.03933,0.09128,27.18061,-1413.32808,-528.70774,-0.02351,-12.57081,14.02862,16.69066,41.98516,-16.60192,-9.36766,-4.82120,-1.57005,1.61999,9.71485,,,52.33000,11.38783,2,down|cold|neg
2025-04-10,32321.21094,34639.39062,32320.66016,34609.00000,201600000,0.09128,-0.02957,44.51464,-1297.09158,-329.97699,0.34044,-4.29348,67.57505,37.67267,41.49742,-8.44172,-9.15623,-4.95482,9.51539,-1.31539,-3.09168,,,33.62000,-35.75387,3,down|low|neg
2025-04-11,33951.25000,33953.28906,32626.58008,33585.57812,182600000,-0.02957,0.01181,40.81572,-1272.88192,-244.61387,0.24327,-6.69848,53.09781,44.90049,41.04451,-9.52241,-8.84874,-5.19590,-3.46076,1.06552,-0.00172,,,40.72000,21.11839,4,down|low|neg
2025-04-14,34006.37109,34325.58984,33887.69922,33982.35938,118800000,0.01181,0.00839,42.80020,-1207.75639,-143.59067,0.30884,-5.29050,63.96947,61.54744,40.18616,-4.59099,-6.96732,-5.33240,1.80921,-2.47763,0.77287,,,37.56000,-7.76031,0,down|low|neg
2025-04-15,34349.01172,34459.00000,34266.30859,34267.53906,113800000,0.00839,-0.01013,44.24717,-1120.21914,-44.84273,0.35882,-4.20086,81.72170,66.26299,39.23060,-3.80901,-5.97843,-5.47258,0.79447,-0.03548,0.59082,,,30.89000,-17.75826,1,down|low|neg
2025-04-16,34249.82031,34329.26953,33658.46875,33920.39844,115600000,-0.01013,0.01348,42.82696,-1066.56192,7.05159,0.33748,-4.86573,81.30862,75.66660,38.75016,-5.05368,-4.43781,-5.61723,-0.17278,-0.33056,-0.23702,,,30.12000,-2.49271,2,down|low|pos
2025-04-17,33987.01172,34379.12891,33931.53125,34377.60156,111200000,0.01348,0.01026,45.31647,-975.89619,78.17385,0.40950,-3.31863,93.19436,85.40823,38.23941,-1.03158,-4.30550,-5.71656,-2.24084,-0.02792,0.22514,,,32.64000,8.36653,3,down|low|pos
2025-04-18,34353.87891,34758.96875,34224.57031,34730.28125,102000000,0.01026,-0.01297,47.22546,-865.60647,150.77086,0.47040,-2.09994,99.18054,91.22784,37.26652,2.81139,-3.43790,-5.79158,0.13268,-0.87512,-0.79263,,,29.65000,-9.16054,4,down|low|pos
2025-04-21,34556.23047,34610.60156,34216.98047,34279.92188,96400000,-0.01297,-0.00173,45.06213,-805.25879,168.89483,0.43001,-3.06634,86.31603,92.89698,36.36926,10.09533,-2.96673,-5.92459,0.13268,-0.87512,-0.45193,,,29.65000,0.00000,0,down|low|pos
2025-04-22,34111.14062,34340.57031,34109.85156,34220.60156,99400000,-0.00173,0.01894,44.77121,-753.53321,176.49633,0.44209,-2.88522,77.92047,87.80568,35.62772,3.65928,-2.64355,-6.08440,-2.35675,-0.87512,1.63468,,,33.82000,14.06408,1,down|low|pos
2025-04-23,34787.92969,35142.12109,34682.28125,34868.62891,133400000,0.01894,0.00489,48.66982,-652.72571,221.84306,0.56853,-0.71067,89.12790,84.45480,33.85294,9.94702,-1.77343,-6.22138,2.51172,-0.74121,1.26581,,,30.57000,-9.60970,2,down|low|pos
2025-04-24,35194.71094,35287.94922,34960.64844,35039.14844,137100000,0.00489,0.01902,49.67647,-552.70431,257.49157,0.63797,0.08413,84.73128,83.92655,32.02213,1.24288,-1.09106,-6.34924,1.66611,1.28623,1.45795,,,28.45000,-6.93490,3,down|low|pos
2025-04-25,35387.67188,35835.28125,35337.98047,35705.73828,134700000,0.01902,0.00376,53.51438,-414.86608,316.26384,0.80732,2.21838,94.04896,89.30271,29.80776,6.31271,-0.30928,-6.44000,2.02591,0.37495,0.75411,,,26.47000,-6.95958,4,down|high|pos
2025-04-28,35962.80078,36075.26172,35773.48828,35839.98828,132400000,0.00376,0.00573,54.27080,-291.43594,351.75518,0.82944,2.81091,90.26506,89.68177,28.02561,5.46645,0.78807,-6.48776,0.73731,-0.24019,0.26510,,,24.84000,-6.15791,0,mid|high|pos
2025-04-30,35946.87891,36056.51953,35793.32812,36045.37891,167100000,0.00573,0.01129,55.46477,-175.02577,374.53228,0.85969,3.60638,98.60604,94.30668,26.37076,5.18812,2.03814,-6.54239,0.58024,-1.15614,0.27638,,,24.17000,-2.69726,2,mid|high|pos
2025-05-01,36197.03906,36544.14844,36040.05078,36452.30078,131600000,0.01129,0.01038,57.81481,-49.36563,400.15394,0.91750,4.96608,96.22693,95.03268,25.40294,7.46425,3.13530,-6.60616,0.14800,0.08511,1.03615,,,24.70000,2.19280,3,mid|high|pos
2025-05-02,36636.55078,36976.51172,36606.57812,36830.69141,141000000,0.01038,-0.00139,59.93211,79.83363,423.48256,0.93335,6.17421,94.91323,96.58207,24.96512,7.13572,4.28349,-6.63142,0.62991,0.49895,1.02987,,,24.60000,-0.40486,4,mid|high|pos
2025-05-07,36903.66016,36942.37891,36731.39062,36779.66016,156300000,-0.00139,0.00405,59.49839,176.07747,415.78112,0.87505,6.06877,93.13307,94.75775,24.55856,5.90084,4.94389,-6.61130,-0.76932,-0.67070,0.39516,,,24.76000,0.65041,2,mid|high|pos
2025-05-08,36863.37891,36977.35156,36606.71094,36928.62891,137300000,0.00405,0.01556,60.39933,261.35915,400.85024,0.88831,6.33755,97.87707,95.30779,23.97527,7.72670,5.41237,-6.41912,0.43464,-0.43090,1.05710,,,23.55000,-4.88692,3,mid|high|pos
2025-05-09,37332.57031,37557.41016,37219.03125,37503.32812,201400000,0.01556,0.00376,63.74950,371.04179,408.42630,0.93842,7.75922,97.91733,96.30916,24.07833,9.59284,6.02257,-6.18056,0.57998,0.56839,-0.08887,,,22.48000,-4.54352,4,mid|high|pos
2025-05-12,37697.28125,37726.44141,37417.39062,37644.26172,142900000,0.00376,0.01432,64.54171,463.98964,401.09932,0.95093,7.92621,96.55930,97.45124,24.34860,7.96026,6.47279,-5.94641,-0.07115,1.50645,2.96390,,,21.90000,-2.58007,0,mid|high|pos
2025-05-13,38149.53125,38494.05859,38124.19922,38183.26172,177400000,0.01432,-0.00144,67.46972,574.52156,409.30499,0.97514,9.04044,88.57604,94.35089,25.31124,8.97314,6.82603,-5.55016,3.25588,-0.13903,0.48906,,,18.39000,-16.02740,1,mid|high|pos
2025-05-14,38199.03125,38325.87891,37851.80078,38128.12891,152100000,-0.00144,-0.00977,66.86153,650.17532,387.96700,0.91503,8.34494,86.45071,90.52869,25.71154,6.78432,7.06450,-5.05038,0.72482,1.71317,-1.07041,,,18.22000,-0.92442,2,mid|high|pos
2025-05-15,37832.35938,37876.83984,37633.35938,37755.51172,134800000,-0.00977,-0.00005,62.74488,672.31436,328.08483,0.81591,6.48499,69.90446,81.64374,25.69516,5.34465,6.73145,-4.27093,0.10244,-0.52727,-0.00136,,,18.62000,2.19540,3,mid|high|pos
2025-05-16,37748.57812,37786.42969,37479.21094,37753.71875,128100000,-0.00005,-0.00676,62.72487,681.85503,270.10040,0.78596,5.91343,60.77629,72.37716,25.40591,4.73941,6.30410,-3.68244,0.41323,-0.59515,0.63909,,,17.83000,-4.24275,4,mid|high|pos
2025-05-19,37572.35938,37656.23047,37445.92969,37498.62891,107600000,-0.00676,0.00082,59.80241,661.21044,199.56465,0.71943,4.51935,47.25775,59.31283,25.07598,2.87040,5.53733,-2.97216,0.70053,-0.70712,0.28367,,,17.24000,-3.30903,0,mid|high|pos
2025-05-20,37723.60156,37921.80859,37455.69922,37529.48828,125800000,0.00082,-0.00614,60.04494,639.96246,142.65333,0.70404,4.26587,48.89281,52.30895,25.09322,1.89732,4.83154,-2.58470,0.08761,-0.21633,0.24117,,,18.14000,5.22042,1,mid|high|pos
2025-05-21,37590.14844,37659.94141,37298.98047,37298.98047,121300000,-0.00614,-0.00839,57.26563,597.63407,80.25996,0.63988,3.19959,6.27039,34.14032,24.79530,1.41198,3.94189,-2.12202,-0.38802,-0.22230,-1.01606,,,18.09000,-0.27563,2,mid|high|pos
2025-05-22,36931.89062,37100.44922,36855.82812,36985.87109,110900000,-0.00839,0.00472,53.63405,532.68277,12.24693,0.55362,1.99423,7.93801,21.03374,23.68522,0.15501,3.17304,-1.71046,-1.61351,-0.44629,0.14635,,,20.87000,15.36761,3,mid|high|pos
2025-05-23,37161.73828,37373.91016,37111.62891,37160.46875,105300000,0.00472,0.00999,55.33502,489.65257,-24.62662,0.57030,2.14975,18.59571,10.93471,23.04502,-0.91421,2.51870,-1.31287,-0.04449,-0.39701,-0.82203,,,20.28000,-2.82703,4,mid|high|neg
2025-05-26,37209.26172,37531.53125,37167.01172,37531.53125,89900000,0.00999,0.00513,58.79475,479.95978,-27.45553,0.65242,2.76173,45.96461,24.16611,22.67019,-0.29946,2.13126,-0.84783,-0.67083,0.07165,-1.80257,,,22.29000,9.91124,0,mid|high|neg
2025-05-27,37523.37109,37769.05078,37411.67969,37724.10938,86200000,0.00513,-0.00005,60.50463,482.25845,-20.12549,0.70099,2.91182,81.45377,48.67136,22.64671,-1.20250,1.86449,-0.45574,-0.67083,-0.68887,1.65913,,,22.29000,0.00000,1,mid|high|neg
2025-05-28,38094.78906,38178.73047,37709.71094,37722.39844,122600000,-0.00005,0.01884,60.48062,478.42709,-19.16548,0.68449,2.57226,65.50524,64.30787,23.14143,-1.06412,1.76325,-0.09181,2.04591,-0.14839,0.39128,,,18.96000,-14.93944,2,mid|high|neg
2025-05-29,38046.96875,38454.07031,38035.32031,38432.98047,133200000,0.01884,-0.01217,66.43812,526.65776,23.25216,0.94897,4.03449,98.68044,81.87981,23.91846,1.79436,2.08908,0.37398,-0.55712,1.06691,-1.34775,,,19.31000,1.84599,3,up|high|pos
2025-05-30,37912.48828,38114.46875,37748.17188,37965.10156,204300000,-0.01217,-0.01302,60.02205,521.11985,14.17140,0.73710,2.35301,69.40584,77.86384,24.00608,0.55990,2.11070,0.82116,0.40112,1.05426,-0.68511,,,19.18000,-0.67322,4,up|high|pos
2025-06-02,37651.17969,37651.17969,37320.71875,37470.67188,109600000,-0.01302,-0.00064,54.07868,471.40066,-28.43823,0.45987,0.73736,38.47000,68.85209,23.22956,-0.07455,1.79225,1.15232,-0.00812,-1.31643,0.89224,,,18.57000,-3.18040,0,up|high|neg
2025-06-03,37598.30859,37729.44922,37446.80859,37446.80859,109300000,-0.00064,0.00803,53.80178,425.17117,-59.73418,0.42359,0.41323,36.97690,48.28425,22.62375,-0.22031,1.38066,1.46405,0.41020,0.02504,0.83636,,,18.36000,-1.13085,1,up|high|neg
2025-06-04,37686.66016,37868.42188,37672.46875,37747.44922,106700000,0.00803,-0.00511,56.80274,408.08895,-61.45312,0.58600,0.99821,47.36298,40.93663,22.27005,1.20236,1.17254,1.73113,0.58003,-0.94775,-0.44360,,,17.69000,-3.64924,2,up|high|neg
2025-06-05,37590.39062,37732.87891,37527.87891,37554.48828,113800000,-0.00511,0.00498,54.36192,374.66197,-75.90408,0.42705,0.29788,30.10559,38.14849,21.63059,1.53739,0.51799,1.98839,0.00737,0.97226,-0.18503,,,17.61000,-0.45223,3,up|high|neg
2025-06-06,37590.44141,37756.14844,37590.42188,37741.60938,98100000,0.00498,0.00919,56.32197,359.13013,-73.14874,0.55854,0.61531,37.13681,38.20179,21.07625,1.56387,0.21701,2.22547,-0.52774,-0.76824,0.65813,,,18.48000,4.94037,4,up|high|neg
2025-06-09,38028.71094,38178.01172,38018.21875,38088.57031,85700000,0.00919,0.00323,59.77193,370.54645,-49.38594,0.79174,1.36340,67.75052,44.99764,21.24227,1.48419,0.37133,2.44425,1.02807,0.56751,0.35819,,,16.77000,-9.25324,0,up|high|neg
2025-06-10,38278.17188,38495.69922,38139.10156,38211.51172,106000000,0.00323,0.00549,60.94895,385.07540,-27.88559,0.87753,1.54133,75.81343,60.23359,21.84699,1.29202,0.63043,2.63433,0.09199,0.80045,0.42785,,,17.16000,2.32558,1,up|high|neg
2025-06-11,38431.10156,38529.64062,38288.28125,38421.19141,109300000,0.00549,-0.00646,62.94053,408.79674,-3.33140,0.98493,1.92068,91.02926,78.19774,22.45564,1.85246,0.81260,2.84122,0.54830,-0.10436,-0.22433,,,16.95000,-1.22377,2,up|high|neg
2025-06-12,38324.92969,38407.57031,38102.05078,38173.08984,104500000,-0.00646,-0.00888,59.09984,402.93160,-7.35722,0.79257,1.12900,70.50671,79.11647,22.53151,-0.67622,1.00741,2.99594,-0.27439,0.20617,0.08359,,,17.26000,1.82891,3,up|high|neg
2025-06-13,38130.25000,38141.58984,37540.19922,37834.25000,143500000,-0.00888,0.01261,54.23254,366.71464,-34.85935,0.56960,0.19620,35.78038,65.77212,21.31537,-0.34466,1.02107,3.06740,0.38224,-0.43842,0.31916,,,18.02000,4.40325,4,up|high|neg
2025-06-16,38056.85938,38342.51953,38055.51953,38311.32812,104700000,0.01261,0.00588,59.31336,372.21796,-23.48483,0.83842,1.38800,78.20714,61.49808,20.54501,2.24350,1.06764,3.13747,-1.12964,-0.69971,0.62298,,,20.82000,15.53829,0,up|high|neg
2025-06-17,38366.67969,38581.25000,38333.35156,38536.73828,103600000,0.00588,0.00904,61.48873,390.26931,-4.34678,0.91717,1.94639,95.77436,69.92063,20.23680,2.91061,1.20191,3.16126,0.93927,0.62643,-0.77001,,,19.11000,-8.21325,1,up|high|neg
2025-06-18,38364.16016,38885.14844,38364.16016,38885.14844,110000000,0.00904,-0.01020,64.63607,427.75800,26.51353,1.02330,2.78575,100.00000,91.32717,20.43120,3.01398,1.36619,3.22027,-0.83522,0.44278,-0.48900,,,21.60000,13.02983,2,up|high|pos
2025-06-19,38858.51953,38870.55078,38488.33984,38488.33984,89300000,-0.01020,-0.00221,58.74737,420.60050,15.48482,0.79359,1.65809,70.49639,88.75691,20.61171,2.48666,1.45424,3.25019,-0.03092,0.44704,0.53694,,,20.14000,-6.75926,3,up|high|pos
2025-06-20,38472.25000,38646.16016,38362.53906,38403.23047,183900000,-0.00221,-0.00128,57.53658,403.41025,-1.36435,0.72659,1.36373,64.16831,78.22157,20.45324,1.75303,1.68502,3.29784,-0.03092,-0.28960,-0.22975,,,20.14000,0.00000,4,up|high|neg
2025-06-23,38260.69141,38368.21875,38026.32031,38354.08984,95800000,-0.00128,0.01138,56.80856,381.42478,-18.67985,0.67610,1.14268,60.51460,65.05977,19.48962,0.69711,1.61582,3.35270,-0.21787,0.18144,0.64116,,,20.62000,2.38332,0,up|high|neg
2025-06-24,38779.17969,38990.10938,38665.60938,38790.55859,100800000,0.01138,0.00391,61.47167,394.67100,-4.34690,0.89790,2.15779,86.23702,70.30665,19.66673,1.51537,1.61452,3.43860,0.96065,0.69275,0.08879,,,19.83000,-3.83124,1,up|high|neg
2025-06-25,38904.17969,38944.76953,38711.10938,38942.07031,102900000,0.00391,0.01650,62.96637,412.63783,10.89594,0.92706,2.37960,96.68676,81.14613,19.83119,1.35571,1.46887,3.57110,1.11217,-0.20243,0.07172,,,17.48000,-11.85073,2,up|high|pos
2025-06-26,39072.14062,39615.58984,39056.14062,39584.57812,123600000,0.01650,0.01430,68.54011,473.26616,57.21941,1.12631,3.78514,98.04868,93.65749,20.91974,3.69760,1.76717,3.75253,-0.00033,-0.66539,0.53158,,,16.76000,-4.11899,3,up|high|pos
2025-06-27,39866.35938,40267.83984,39847.30859,40150.78906,156100000,0.01430,0.00838,72.47206,560.54146,115.59578,1.16856,4.94056,94.77806,96.50450,22.62400,6.12286,2.36252,3.96017,0.80201,-0.03656,1.06900,,,16.59000,-1.01432,4,up|hot|pos
2025-06-30,40550.78906,40852.53906,40322.53906,40487.39062,143900000,0.00838,-0.01238,74.51154,649.38302,163.54987,1.13113,5.49432,87.07997,93.30224,24.70407,5.67995,3.15888,4.14205,0.52190,-0.14493,-0.36404,,,16.32000,-1.62749,0,up|hot|pos
2025-07-01,40340.64062,40345.87109,39885.37891,39986.32812,124000000,-0.01238,-0.00560,66.60134,671.61706,148.62712,0.91853,3.94367,69.35089,83.73631,25.63619,3.76158,3.53790,4.26811,0.51644,-0.12233,-0.70356,,,16.73000,2.51225,1,up|high|pos
2025-07-02,39631.17188,39943.62109,39444.69922,39762.48047,127600000,-0.00560,0.00059,63.36497,663.52634,112.42912,0.81464,3.14299,61.43049,72.62045,25.60647,2.25621,3.74436,4.37717,-0.11185,-0.49613,-0.05654,,,16.83000,0.59773,2,up|high|pos
2025-07-03,39796.75000,39865.89062,39667.82031,39785.89844,135400000,0.00059,0.00063,63.56444,651.49400,80.31743,0.79365,3.05906,62.25909,64.34682,25.57887,3.37130,3.70323,4.42067,0.47451,-0.27678,1.05339,,,16.64000,-1.12894,3,up|high|pos
2025-07-04,39994.64062,40012.66016,39693.39844,39810.87891,96600000,0.00063,-0.00561,63.79092,636.63527,52.36696,0.77460,2.92693,52.36883,58.68614,25.73459,3.66544,3.32952,4.52936,0.83390,0.08648,0.98998,,,16.38000,-1.56250,4,up|high|pos
2025-07-07,39729.55859,39829.37891,39524.25000,39587.67969,93400000,-0.00561,0.00255,60.19078,599.93364,12.53226,0.68283,2.12628,40.93388,51.85394,25.51019,3.21632,2.63958,4.69248,0.83390,0.80543,-0.25937,,,16.38000,0.00000,0,up|high|pos
2025-07-08,39542.07031,39816.26953,39510.48047,39688.80859,136600000,0.00255,0.00334,61.25765,572.40922,-11.99373,0.69443,2.15084,35.21869,42.84047,25.27090,2.31564,2.24952,4.86155,-0.78623,-0.12718,0.67070,,,17.79000,8.60807,1,up|high|neg
2025-07-09,39942.80078,39971.05859,39573.33984,39821.28125,129000000,0.00334,-0.00439,62.66901,554.88893,-23.61121,0.71538,2.27344,26.74893,34.30050,25.27670,2.25774,2.06188,5.00441,-0.07159,0.96472,0.32324,,,16.81000,-5.50872,2,up|high|neg
2025-07-10,39795.75000,39795.75000,39530.94922,39646.35938,129300000,-0.00439,-0.00193,59.58247,520.88482,-46.09226,0.63865,1.60583,14.32408,25.43057,25.17509,0.15607,1.77150,5.15301,0.60621,0.65597,0.14286,,,15.94000,-5.17549,3,up|high|neg
2025-07-11,39886.53906,39957.80078,39497.69922,39569.67969,115900000,-0.00193,-0.00278,58.22861,482.19050,-67.82926,0.59174,1.21963,13.86866,18.31389,25.33577,-1.44732,1.45774,5.28239,0.27462,-0.50051,-0.10028,,,15.78000,-1.00376,4,up|high|neg
2025-07-14,39416.10156,39608.01953,39288.89844,39459.62109,91500000,-0.00278,0.00553,56.25286,437.59980,-89.93597,0.52967,0.79670,23.58824,17.26033,24.92896,-2.53849,1.25018,5.37589,-0.32975,0.11908,0.12767,,,16.40000,3.92902,0,up|high|neg
2025-07-15,39525.82812,39678.01953,39379.32031,39678.01953,98800000,0.00553,-0.00037,59.21055,415.09926,-89.94920,0.60052,1.20293,53.76370,30.40687,24.67507,-0.77104,1.09319,5.46270,0.14074,0.68837,-0.07062,,,17.20000,4.87806,1,up|high|neg
2025-07-16,39734.73828,39923.60938,39520.96094,39663.39844,96400000,-0.00037,0.00600,58.92334,391.57381,-90.77973,0.57926,1.03759,51.74355,43.03183,24.86269,-0.24918,0.88479,5.50013,-0.39563,0.33742,-0.23548,,,17.38000,1.04650,2,up|high|neg
2025-07-17,39492.01953,39910.96094,39370.42969,39901.19141,101500000,0.00600,-0.00206,62.13989,387.64905,-75.76359,0.66481,1.46467,89.75795,65.08840,24.60588,0.28978,0.83706,5.52393,0.31937,0.65565,0.34788,,,17.16000,-1.26582,3,up|high|neg
2025-07-18,40072.39062,40087.58984,39745.42188,39819.10938,92000000,-0.00206,-0.00111,60.38222,373.60858,-71.84325,0.60613,1.05193,66.38496,69.29548,24.68524,0.02067,0.76049,5.57852,0.53738,-0.50954,-0.32424,,,16.52000,-3.72960,4,up|high|neg
2025-07-22,39864.62891,40275.89062,39586.53125,39774.92188,112100000,-0.00111,0.03511,59.40801,354.82564,-72.50095,0.55601,0.79005,49.24289,68.46193,25.08222,0.47298,0.77081,5.58266,0.13991,-0.00741,-0.33921,,,16.65000,0.78692,1,up|high|neg
2025-07-23,40189.17969,41342.58984,40087.85938,41171.32031,221100000,0.03511,0.01591,73.79605,447.45967,16.10647,1.30103,4.05068,91.66041,69.09608,26.80107,3.73534,1.25721,5.62213,0.06375,-0.68854,0.95620,,,16.50000,-0.90090,2,up|hot|pos
2025-07-24,41657.98047,42065.82812,41554.17969,41826.33984,149400000,0.01591,-0.00885,77.77550,567.18921,108.66880,1.32177,5.39272,91.37579,77.42636,28.99715,5.03514,2.04707,5.63368,0.78119,-0.42331,-0.57700,,,15.37000,-6.84849,3,up|hot|pos
2025-07-25,41760.57812,41773.69922,41389.78906,41456.23047,117500000,-0.00885,-0.01105,71.19629,625.00631,133.18872,1.04210,4.14859,78.04778,87.02799,30.59904,4.56504,2.52405,5.56305,0.06982,-0.29704,-0.15976,,,15.39000,0.13013,4,up|hot|pos
2025-07-28,41515.91016,41534.21094,40997.87109,40998.26953,106500000,-0.01105,-0.00790,63.98381,626.64953,107.86556,0.83246,2.73018,60.39329,76.60562,31.10523,3.61031,2.84831,5.54032,0.39743,0.44825,-0.59337,,,14.93000,-2.98895,0,up|high|pos
2025-07-29,40767.76953,40792.85156,40563.53125,40674.55078,101000000,-0.00790,-0.00049,59.40283,594.97194,60.95037,0.70788,1.68254,48.38324,62.27477,30.61442,3.07892,3.05946,5.45260,0.01769,0.54964,-0.03577,,,15.03000,0.66979,1,up|high|pos
2025-07-30,40744.53125,40744.53125,40556.60938,40654.69922,123700000,-0.00049,0.01021,59.12328,561.78940,22.21426,0.68585,1.44381,47.64674,52.14109,30.14381,2.46151,2.60989,5.42514,-0.29594,0.45057,0.03764,,,15.98000,6.32069,2,up|high|pos
2025-07-31,40693.00000,41151.25000,40639.32031,41069.82031,134800000,0.01021,-0.00658,63.04021,562.50460,18.34357,0.80168,2.26247,59.82700,51.95233,30.22658,3.54589,2.01570,5.37242,-0.12494,-0.02492,-0.83960,,,15.48000,-3.12891,3,up|high|pos
2025-08-01,41029.83984,41064.73047,40588.17188,40799.60156,148400000,-0.00658,-0.01247,59.07216,535.09872,-7.24985,0.68882,1.46684,48.92800,52.13391,30.18335,2.25159,1.56579,5.24893,-0.36948,0.52815,-2.05787,,,16.72000,8.01033,4,up|high|neg
2025-08-04,40118.80859,40332.25000,39850.51953,40290.69922,130800000,-0.01247,0.00642,52.38460,466.93269,-60.33270,0.50458,0.18728,19.86990,42.87497,28.60725,1.18433,1.19977,5.04277,-1.59921,1.03602,0.69321,,,20.38000,21.88995,0,up|high|neg
2025-08-05,40521.00000,40649.37891,40421.87891,40549.53906,145300000,0.00642,0.00605,55.16486,428.85328,-78.72969,0.57996,0.82468,31.55405,33.45065,27.61186,1.94750,1.13134,4.80729,1.47371,-2.27430,-0.03586,,,17.52000,-14.03336,1,up|high|neg
2025-08-06,40430.46094,40850.89062,40423.12891,40794.85938,145500000,0.00605,0.00648,57.68661,413.70147,-75.10520,0.64972,1.35316,49.10305,33.50900,26.97121,-0.91438,1.11973,4.65821,-0.48579,-0.37328,0.09840,,,17.85000,1.88356,2,up|high|neg
2025-08-07,40668.19141,41164.10938,40668.19141,41059.14844,154000000,0.00648,0.01854,60.27862,418.19874,-56.48634,0.72213,1.87849,71.78447,50.81385,26.79631,-1.83423,0.98430,4.56364,0.72819,0.52250,0.19204,,,16.77000,-6.05042,3,up|high|neg
2025-08-08,41283.69922,42033.92188,41248.05078,41820.48047,183300000,0.01854,0.02147,66.62175,477.68949,2.40352,0.93474,3.55844,90.22437,70.37063,27.59205,0.87864,1.28638,4.50219,-0.07975,-0.24872,1.09879,,,16.57000,-1.19261,4,up|high|pos
2025-08-12,42098.32031,42999.71094,42083.57812,42718.17188,176100000,0.02147,0.01303,72.24899,590.46600,92.14403,1.10287,5.47761,91.05996,84.35626,29.10793,4.19506,2.19430,4.49675,-0.25041,0.56321,1.30349,,,16.25000,-1.93120,1,up|hot|pos
2025-08-13,43090.91016,43451.46094,43008.19922,43274.67188,154100000,0.01303,-0.01445,75.05644,716.48787,174.53272,1.12278,6.46401,95.09048,92.12493,30.81213,6.39250,3.16438,4.57485,1.13454,0.31219,-0.29965,,,14.73000,-9.35385,2,up|hot|pos
2025-08-14,43129.17969,43199.82812,42606.73047,42649.26172,127800000,-0.01445,0.01709,66.86908,757.16759,172.16995,0.90739,4.62059,77.72251,87.95765,31.60740,4.90611,3.77449,4.60644,0.32301,-0.24777,0.45895,,,14.49000,-1.62933,3,up|high|pos
2025-08-15,42866.37891,43405.42969,42736.85938,43378.30859,134500000,0.01709,0.00775,70.85958,838.56805,202.85633,1.00967,6.03887,97.96852,90.26050,32.50434,5.62089,4.54740,4.69670,0.03031,-0.43179,0.15374,,,14.83000,2.34645,4,up|hot|pos
2025-08-18,43452.89844,43835.12109,43390.21875,43714.30859,124200000,0.00775,-0.00384,72.50335,919.59043,227.10297,1.00423,6.43686,96.46048,90.71717,33.65308,7.14396,5.05542,4.83146,-0.28971,0.38812,0.20746,,,15.09000,1.75320,0,up|hot|pos
2025-08-19,43846.55078,43876.42188,43411.96875,43546.28906,117100000,-0.00384,-0.01510,70.36582,959.18657,213.35929,0.91638,5.61870,90.44006,94.95635,34.74964,8.08025,5.05183,4.96950,-0.01008,-0.28911,-0.35890,,,14.99000,-0.66269,1,up|hot|pos
2025-08-20,43400.66016,43425.78125,42724.14844,42888.55078,116700000,-0.01510,-0.00649,62.58695,926.80914,144.78548,0.75197,3.67850,69.20823,85.36959,34.41322,5.76828,4.51683,5.08909,-0.58581,0.44274,-0.12486,,,15.57000,3.86925,2,up|high|pos
2025-08-21,42783.26172,42926.10938,42564.30078,42610.17188,103100000,-0.00649,0.00054,59.58463,868.67341,69.31981,0.67240,2.71433,51.82377,70.49069,33.81409,4.44986,4.20249,5.18114,-0.24317,-0.12507,0.09347,,,15.69000,0.77071,3,up|high|pos
2025-08-22,42629.80859,42720.57031,42331.39062,42633.28906,97800000,0.00054,0.00409,59.75727,815.07017,12.57325,0.66657,2.47660,30.66140,50.56447,32.84184,3.83384,3.54679,5.27402,-0.40042,-0.27957,0.77806,,,16.60000,5.79988,4,up|high|pos
2025-08-25,42977.26953,43201.42188,42681.37109,42807.82031,102200000,0.00409,-0.00966,61.10803,777.70751,-19.83153,0.68803,2.60936,30.83625,37.77381,32.47001,2.36090,2.82366,5.35923,1.51864,0.72497,-0.62563,,,14.22000,-14.33735,0,up|high|neg
2025-08-26,42619.66016,42703.26953,42137.62109,42394.39844,162600000,-0.00966,0.00297,56.28837,706.59247,-72.75725,0.58381,1.36810,14.76750,25.42171,31.19585,-0.75793,2.01954,5.44572,-0.42664,-0.78916,0.26089,,,14.79000,4.00844,1,up|high|neg
2025-08-27,42476.08984,42628.03906,42270.17969,42520.26953,108400000,0.00297,0.00726,57.39028,652.86423,-101.18840,0.59450,1.40281,22.00646,22.53673,30.01270,-1.74329,1.57671,5.54957,0.41340,0.41233,0.10520,,,14.62000,-1.14943,2,up|high|neg
2025-08-28,42308.14062,42828.78906,42299.78906,42828.78906,112700000,0.00726,-0.00258,60.04867,627.94065,-100.88958,0.64614,1.97733,39.74969,25.50788,29.16896,0.42094,1.52047,5.55189,0.23910,-0.24354,0.21297,,,14.85000,1.57319,3,up|high|neg
2025-08-29,42774.28906,42807.03125,42611.30859,42718.46875,114900000,-0.00258,-0.01240,58.63984,592.45713,-109.09848,0.60293,1.62830,33.40507,31.72041,28.38549,-1.52113,1.47481,5.47932,0.31567,-0.09902,-1.49460,,,14.43000,-2.82828,4,up|high|neg
2025-09-01,42362.71094,42454.98828,41835.17188,42188.78906,96600000,-0.01240,0.00288,52.29578,515.65135,-148.72341,0.45287,0.29826,22.23155,31.79544,26.39063,-3.48975,1.10979,5.39652,-0.63982,-0.35706,-0.25786,,,15.36000,6.44490,0,up|high|neg
2025-09-02,42299.62891,42473.67188,42084.78125,42310.48828,99800000,0.00288,-0.00878,53.53949,459.30771,-164.05364,0.45193,0.46223,34.78986,30.14216,24.50901,-2.83790,0.94393,5.36763,-0.63982,0.20915,-0.53294,,,15.36000,0.00000,1,up|high|neg
2025-09-03,42085.66016,42293.53906,41863.19922,41938.89062,130200000,-0.00878,0.01529,49.31199,380.28645,-194.45992,0.29083,-0.53953,7.59149,21.53763,23.11503,-2.21425,0.54710,5.33813,-0.69223,-0.00884,0.40800,,,17.17000,11.78386,2,up|low|neg
2025-09-04,42093.69922,42608.80078,42066.58984,42580.26953,110300000,0.01529,0.01030,55.79930,365.20558,-167.63263,0.47955,0.79741,54.53597,32.30577,21.63576,-0.07018,0.24611,5.35331,0.51001,0.99535,0.70392,,,16.35000,-4.77577,3,up|high|neg
2025-09-05,42983.46875,43220.94141,42783.53906,43018.75000,118300000,0.01030,0.01453,59.60558,384.20669,-118.90521,0.65194,1.64782,85.40945,49.17897,21.15741,0.90413,0.20336,5.34736,0.83465,-0.38237,-0.29929,,,15.30000,-6.42202,4,up|high|neg
2025-09-08,43451.07031,43838.60156,43343.57812,43643.80859,115500000,0.01453,-0.00423,64.32214,444.57741,-46.82760,0.93707,2.84827,90.27702,76.74081,21.45728,1.95289,0.62048,5.39765,-0.31652,0.26693,0.74739,,,15.18000,-0.78431,0,up|high|neg
2025-09-09,43907.55078,44185.73047,43452.73828,43459.28906,117500000,-0.00423,0.00871,62.01995,472.09048,-15.45162,0.80717,2.10847,69.09495,81.59381,22.10365,2.51187,0.86067,5.49240,0.21060,-0.02090,0.08217,,,15.11000,-0.46114,1,up|high|neg
2025-09-10,43513.16016,43848.76953,43509.01953,43837.67188,115700000,0.00871,0.01220,64.80205,518.45075,24.72692,0.95056,2.68019,85.19252,81.52150,22.70385,3.09829,1.43945,5.59832,0.26882,-0.66062,0.14218,,,15.04000,-0.46327,2,up|high|pos
2025-09-11,43876.21875,44396.94922,43870.53906,44372.50000,107300000,0.01220,0.00892,68.33299,591.52897,78.24411,1.06817,3.58569,99.04561,84.44436,23.81811,3.60438,1.93734,5.72048,0.29835,0.01900,0.85075,,,15.35000,2.06117,3,up|high|pos
2025-09-12,44803.30078,44888.01953,44548.57031,44768.12109,124900000,0.00892,0.00300,70.67637,673.60244,128.25406,1.09398,4.14855,96.03618,93.42477,25.28321,4.79805,2.39946,5.84124,0.84859,-0.04071,-0.20801,,,14.71000,-4.16938,4,up|hot|pos
2025-09-16,44948.85156,45055.37891,44616.32031,44902.26953,111700000,0.00300,-0.00249,71.44792,740.92993,156.46525,1.04812,4.16192,95.20361,96.76180,26.78127,6.43176,2.69050,5.91981,0.47066,0.30022,-0.33911,,,15.69000,6.66213,1,up|hot|pos
2025-09-17,44751.83984,45033.33984,44612.07031,44790.37891,104600000,-0.00249,0.01145,69.79830,776.31000,153.47625,0.95379,3.70296,91.13353,94.12444,28.16244,5.86117,3.10980,5.88670,-0.12879,-0.17675,0.01032,,,16.36000,4.27024,2,up|high|pos
2025-09-18,44910.50000,45508.67188,44815.39844,45303.42969,113700000,0.01145,-0.00569,72.88921,836.10972,170.62077,1.00117,4.69412,92.46854,92.93523,29.83846,8.02248,3.59389,5.81473,-0.09702,-0.67298,1.10714,,,15.72000,-3.91198,3,up|hot|pos
2025-09-19,45634.28906,45852.75000,44495.46094,45045.80859,208600000,-0.00569,0.00994,69.06686,852.88206,149.91449,0.88534,3.86866,67.84033,83.81414,31.64982,5.79033,3.67542,5.78704,0.47891,0.32648,0.48660,,,15.70000,-0.12723,4,up|high|pos
2025-09-22,45193.76953,45757.73828,45193.76953,45493.66016,116600000,0.00994,0.00300,71.83225,892.02938,151.24945,0.92633,4.69707,85.03800,81.78229,33.33180,5.75310,3.80748,5.72708,0.48854,0.71890,0.48653,,,15.45000,-1.59236,0,up|hot|pos
2025-09-24,45484.41016,45693.28125,45205.46875,45630.30859,131700000,0.00300,0.00273,72.63609,923.43551,146.12447,0.90008,4.82666,90.50909,81.12914,34.89363,4.55162,3.95921,5.63679,-0.55022,-0.24984,-0.07738,,,16.64000,7.70226,2,up|hot|pos
2025-09-25,45600.07031,45824.69141,45503.30859,45754.92969,127200000,0.00273,-0.00874,73.38212,947.45926,136.11857,0.87828,4.90005,95.06509,90.20406,36.45276,5.28228,4.19092,5.57743,-0.28466,-0.07582,-0.28397,,,16.18000,-2.76442,3,up|hot|pos
2025-09-26,45634.19922,45766.76953,45354.98828,45354.98828,147500000,-0.00874,-0.00686,67.06304,923.57986,89.79134,0.77013,3.74846,63.32677,82.96698,37.45607,3.46122,3.97938,5.56866,-0.50091,0.77094,-0.13226,,,16.74000,3.46106,4,up|high|pos
2025-09-29,45113.28906,45152.69922,44890.19922,45043.75000,130500000,-0.00686,-0.00247,62.54900,869.51769,28.58333,0.68772,2.80758,40.39589,66.26259,37.11756,1.51276,3.74742,5.57149,0.59018,0.74620,0.26918,,,15.29000,-8.66189,0,up|high|pos
2025-09-30,45054.96094,45126.23047,44733.60156,44932.62891,160600000,-0.00247,-0.00850,60.97105,808.38789,-26.03717,0.64680,2.33913,32.20891,45.31052,36.41351,0.36747,3.27453,5.57225,0.26355,-0.30428,-0.26179,,,16.12000,5.42839,1,up|high|neg
2025-10-01,44831.94922,44874.42188,44357.64844,44550.85156,136700000,-0.00850,0.00866,55.76581,720.82660,-90.87877,0.54763,1.30871,12.92241,28.50907,34.88644,-0.78263,2.61985,5.52413,0.40908,-0.54215,0.39090,,,16.28000,0.99255,2,up|high|neg
2025-10-02,44736.03125,45125.96094,44659.21875,44936.73047,131100000,0.00866,0.01853,59.52686,674.79226,-109.53048,0.61384,1.95044,38.73195,27.95442,33.86137,0.32675,2.01183,5.52835,0.33999,-0.40244,0.16305,,,16.29000,0.06143,3,up|high|neg
2025-10-03,45042.53906,45778.66016,45042.53906,45769.50000,117600000,0.01853,0.04753,66.20508,697.46729,-69.48436,0.81259,3.53450,96.23791,49.29743,33.77910,1.02877,1.89945,5.58813,0.06184,-0.61758,0.44899,,,16.63000,2.08716,4,up|high|neg
2025-10-06,46636.07031,48150.03906,46592.98828,47944.76172,178300000,0.04753,0.00013,76.91852,880.80944,91.08623,1.23974,7.95539,94.58713,76.51900,35.50405,6.43557,2.73634,5.76004,0.00655,0.04555,1.14765,,,16.65000,0.12027,0,up|hot|pos
2025-10-07,48281.12109,48527.32812,47904.37891,47950.87891,154200000,0.00013,-0.00450,76.94066,1014.90383,180.14450,1.11997,7.46273,86.17522,92.33342,37.28712,5.40123,3.60729,5.95346,0.36466,1.66905,-0.09568,,,16.37000,-1.68167,1,up|hot|pos
2025-10-08,47925.21875,48181.12109,47728.26953,47734.98828,142200000,-0.00450,0.01771,74.23447,1091.17565,205.13305,0.99387,6.44965,80.99758,87.25331,38.60540,4.61246,4.51485,6.16943,-0.38114,0.48460,0.62849,,,17.24000,5.31459,2,up|hot|pos
2025-10-09,48035.42188,48597.07812,47995.21875,48580.44141,138500000,0.01771,-0.01012,77.56270,1205.94127,255.91894,1.06725,7.73249,99.60757,88.92679,40.04974,6.17532,5.54964,6.42132,0.58277,1.14414,0.09790,,,16.30000,-5.45244,3,up|hot|pos
2025-10-10,48510.71875,48510.71875,47962.60938,48088.80078,150700000,-0.01012,-0.02582,71.75791,1242.89524,234.29832,0.92003,6.06362,88.01071,89.53862,41.32458,6.02759,6.00004,6.67511,-0.27556,0.41368,-4.45800,,,16.43000,0.79755,4,up|hot|pos
2025-10-14,47446.73047,47865.64844,46544.05078,46847.32031,170300000,-0.02582,0.01762,59.62328,1158.64825,120.04107,0.66771,2.93793,58.72658,82.11495,40.08324,4.00404,5.12021,6.80674,1.55987,-0.59425,0.37927,,,19.03000,15.82471,1,up|high|pos
2025-10-15,47002.30078,47774.82812,46910.82812,47672.67188,118400000,0.01762,0.01269,63.98380,1145.27882,85.33731,0.79353,4.32474,76.52516,74.42082,38.93057,6.09811,4.57022,6.95144,-0.15643,0.24860,0.53978,,,20.81000,9.35365,2,up|high|pos
2025-10-16,48107.44141,48317.33984,47937.71875,48277.73828,121100000,0.01269,-0.01441,66.81336,1170.01999,88.06278,0.86252,5.22203,91.01600,75.42258,38.33322,8.36547,4.38435,7.09473,0.40260,-0.46119,-0.62708,,,20.64000,-0.81692,3,up|high|pos
2025-10-17,47820.96875,48140.89844,47494.30859,47582.14844,124800000,-0.01441,0.03370,60.89082,1120.58189,30.89974,0.71324,3.33457,50.56424,72.70180,37.11468,5.88698,3.57690,7.23166,-0.62944,-0.49891,1.42459,,,25.31000,22.62597,4,up|high|pos
2025-10-20,48332.71094,49185.50000,48254.82812,49185.50000,121000000,0.03370,0.00265,67.94439,1196.98085,85.83897,0.94053,6.32265,100.00000,80.52675,36.84336,7.46349,3.57209,7.43965,0.52707,-0.56566,0.93422,,,20.78000,-17.89806,0,up|high|pos
2025-10-21,49675.42969,49945.94922,49127.19922,49316.05859,124500000,0.00265,-0.00017,68.44348,1253.61172,113.97587,0.90800,6.15113,81.48414,77.34946,37.10146,2.86016,4.19403,7.58807,1.06723,0.51958,0.08910,,,18.23000,-12.27142,1,up|high|pos
2025-10-22,49252.03125,49458.28125,48613.69922,49307.78906,141100000,-0.00017,-0.01351,68.37087,1283.03478,114.71914,0.86150,5.72011,81.24106,87.57507,36.61633,2.82979,4.48953,7.69118,0.00327,-0.08349,-1.00955,,,17.87000,-1.97476,2,up|high|pos
2025-10-23,48866.57812,48866.57812,48399.05078,48641.60938,107600000,-0.01351,0.01353,62.60846,1238.32302,56.00590,0.73174,3.95837,61.65847,74.79456,35.87268,1.89928,4.31104,7.74280,-0.53375,0.74217,0.63401,,,18.60000,4.08506,3,up|high|pos
2025-10-24,49095.26953,49435.30859,48965.78125,49299.64844,109100000,0.01353,0.02460,65.68500,1241.67363,47.48522,0.80205,4.96014,81.00176,74.63376,35.61682,1.48045,4.64179,7.84396,0.58274,0.04015,0.40640,,,17.30000,-6.98925,4,up|high|pos
2025-10-27,49905.80078,50549.60156,49838.98047,50512.32031,122100000,0.02460,-0.00580,70.50182,1326.88599,106.15806,0.93107,7.06700,98.97544,80.54523,36.09602,5.03968,4.74213,7.96128,0.79024,0.42645,-0.16297,,,16.37000,-5.37571,0,up|hot|pos
2025-10-28,50357.14844,50485.80078,50107.76953,50219.17969,119500000,-0.00580,0.02167,68.01636,1355.14217,107.53139,0.85258,5.98080,89.18526,89.72082,36.54100,7.19755,4.66589,8.08754,1.22901,0.30078,0.86784,,,15.79000,-3.54307,1,up|high|pos
2025-10-29,50453.64062,51412.96875,50365.62109,51307.64844,129700000,0.02167,0.00035,71.96806,1448.66639,160.84449,0.96306,7.74905,97.31234,95.15768,37.46966,7.62486,4.99468,8.23989,0.22879,-0.24108,-0.63860,,,16.42000,3.98987,2,up|hot|pos
2025-10-30,51146.26953,51657.28125,50972.55859,51325.60938,230900000,0.00035,0.02115,72.02947,1506.86413,175.23378,0.93785,7.27355,90.25198,92.24986,38.45557,6.31320,5.61670,8.37411,-0.00436,-0.62937,-0.01093,,,16.92000,3.04507,3,up|hot|pos
2025-10-31,51629.80078,52411.33984,51613.03125,52411.33984,180300000,0.02115,-0.01744,75.52070,1621.89938,232.21522,1.05223,8.93657,100.00000,95.85477,39.72716,10.14917,6.32573,8.55619,-0.99048,0.65313,-0.37461,,,16.91000,-0.05910,4,up|hot|pos
2025-11-04,52294.30859,52636.87109,51497.19922,51497.19922,190100000,-0.01744,-0.02495,67.84257,1620.62062,184.74918,0.88158,6.49272,73.10712,87.78637,41.00761,4.69996,6.19286,8.71683,0.17207,0.19169,-0.91694,,,17.17000,1.53755,1,up|high|pos
2025-11-05,51291.39062,51422.42188,49073.57812,50212.26953,219700000,-0.02495,0.01337,58.79411,1498.64863,50.22175,0.65203,3.39354,42.78659,71.96457,39.16002,1.81728,5.73794,8.83794,-1.17368,0.00583,1.78787,,,19.00000,10.65812,2,up|high|pos
2025-11-06,50792.55078,51248.28125,50594.19141,50883.67969,171300000,0.01337,-0.01194,61.67081,1439.56769,-7.08735,0.73865,4.26499,52.24330,56.04567,37.44440,3.19603,5.04844,9.00595,0.36536,-0.41957,-1.19622,,,18.01000,-5.21053,3,up|high|neg
2025-11-07,50524.30859,50642.78906,49640.55859,50276.37109,146700000,-0.01194,0.01264,57.74393,1328.42761,-94.58195,0.62025,2.53936,33.75510,42.92833,34.95017,3.36083,4.12978,9.18014,-1.11782,0.33603,0.10667,,,19.50000,8.27318,4,up|high|neg
2025-11-10,50645.26953,50969.50000,50392.44141,50911.76172,129700000,0.01264,-0.00135,60.57260,1276.89970,-116.88788,0.70755,3.33157,51.58665,45.86168,32.90463,3.27003,3.01595,9.35219,0.12618,-0.73017,0.60544,,,19.08000,-2.15385,0,up|high|neg
2025-11-11,51314.03906,51513.16016,50581.17188,50842.92969,125900000,-0.00135,0.00433,60.10322,1216.48640,-141.84095,0.67578,2.76857,49.65496,44.99890,31.44083,0.65451,2.32889,9.44414,1.54010,0.56817,0.48595,,,17.60000,-7.75681,1,up|high|neg
2025-11-12,50988.53125,51072.26172,50537.50000,51063.30859,150400000,0.00433,0.00428,61.14147,1172.87103,-148.36506,0.69802,2.95444,55.83965,52.36042,30.03662,1.68089,2.41470,9.40089,0.20754,0.21389,0.30686,,,17.28000,-1.81818,2,up|high|neg
2025-11-13,51013.14844,51338.89062,50954.26953,51281.82812,135700000,0.00428,-0.01765,62.19210,1142.76515,-142.77675,0.72144,3.11801,61.97217,55.82226,28.95648,-0.05032,2.30043,9.39058,0.06295,-0.04606,-2.36698,,,17.51000,1.33102,3,up|high|neg
2025-11-14,50767.73828,50767.73828,50246.60156,50376.53125,149300000,-0.01765,-0.00104,55.49753,1033.93754,-201.28349,0.51205,1.08286,36.56598,51.45927,27.19712,-1.84913,2.12374,9.33695,-1.65569,0.41408,0.10614,,,20.00000,14.22044,4,up|high|neg
2025-11-17,50282.39062,50398.16016,49845.85938,50323.91016,126000000,-0.00104,-0.03221,55.12608,932.69328,-242.02219,0.46316,0.83617,51.25190,49.93002,25.34200,-3.98278,1.74545,9.19208,-0.05017,-0.05171,-1.07088,,,19.83000,-0.85000,0,up|high|neg
2025-11-18,49812.94922,49971.55078,48661.51953,48702.98047,137400000,-0.03221,-0.00339,45.11022,713.43695,-369.02282,0.04920,-2.45977,1.45393,29.75727,24.64113,-5.42596,0.83823,8.99057,-0.91623,-0.03103,0.30187,,,22.38000,12.85930,1,up|low|neg
2025-11-19,48822.87891,49087.10938,48235.30078,48537.69922,136500000,-0.00339,0.02650,44.22781,520.33975,-449.69601,0.04409,-2.92225,9.22549,20.64377,24.31097,-3.33498,-0.30841,8.88834,-0.82564,0.44505,1.52933,,,24.69000,10.32172,2,mid|low|neg
2025-11-20,49129.28906,50574.82031,49113.39062,49823.94141,139400000,0.02650,-0.02405,52.08319,465.72919,-403.44526,0.35002,-0.52091,48.46580,19.71507,22.57700,-2.08267,-1.06185,8.79917,0.37538,0.17711,-2.74756,,,23.66000,-4.17173,3,mid|high|neg
2025-11-21,49251.26172,49459.58984,48490.03125,48625.87891,212200000,-0.02405,0.00069,45.63564,322.06375,-437.68856,0.05069,-2.93997,11.91565,23.20231,21.46586,-3.28284,-1.78823,8.58329,-1.55673,0.92833,0.32724,,,26.42000,11.66526,4,mid|low|neg
2025-11-25,49113.82031,49182.32031,48511.94922,48659.51953,144500000,0.00069,0.01849,45.83838,208.51870,-440.98689,0.08564,-2.95629,13.66865,24.68336,20.43409,-4.42382,-2.53652,8.41449,1.54672,-0.43274,0.99771,,,20.52000,-22.33157,1,mid|low|neg
2025-11-26,49012.25000,49749.58984,48964.19141,49559.07031,134100000,0.01849,0.01227,51.09104,188.94165,-368.45115,0.31513,-1.19173,42.65285,22.74571,18.99808,-2.52515,-2.22419,8.16586,0.90617,0.16019,1.11166,,,18.56000,-9.55166,2,mid|high|neg
2025-11-27,49868.78906,50322.14062,49865.17188,50167.10156,99300000,0.01227,0.00173,54.31608,219.95424,-269.95085,0.45931,-0.04731,76.28227,44.20126,18.15925,-1.75509,-1.64122,7.94836,0.69067,-0.45177,-0.11382,,,17.19000,-7.38146,3,mid|high|neg
2025-11-28,50218.96094,50258.25000,49989.53906,50253.91016,98200000,0.00173,-0.01892,54.77460,248.67016,-192.98794,0.49205,0.05021,86.28307,68.40606,17.38033,-2.00445,-1.54412,7.74566,0.69067,0.00576,-0.04758,,,17.19000,0.00000,4,mid|high|neg
2025-12-01,50318.58984,50366.73828,49215.96094,49303.28125,118200000,-0.01892,0.00000,48.97742,192.50090,-199.32577,0.28542,-1.89409,45.64956,69.40497,16.37283,-2.13046,-1.32639,7.57221,0.53548,0.02880,0.34829,,,16.35000,-4.88656,0,mid|low|neg
2025-12-02,49494.57812,49636.78906,49243.55078,49303.44922,127100000,0.00000,0.01138,48.97845,146.31329,-196.41070,0.29982,-1.89405,45.65674,59.19646,15.43729,-2.02779,-1.07043,7.37073,-0.53233,-0.22779,0.51021,,,17.24000,5.44342,1,mid|low|neg
2025-12-03,49540.64062,50138.60156,49521.23047,49864.67969,119500000,0.01138,0.02334,52.42590,153.22956,-151.59554,0.47509,-0.72612,65.93705,52.41445,14.60805,2.38527,-0.89772,7.11430,0.24572,-0.23792,0.01067,,,16.59000,-3.77030,2,mid|high|neg
2025-12-04,49942.94141,51028.42188,49910.05859,51028.42188,127300000,0.02334,-0.01051,58.66302,249.73621,-44.07111,0.79708,1.52531,100.00000,70.53127,14.63555,5.13152,-0.61881,6.92858,0.29798,0.16071,-0.89837,,,16.08000,-3.07414,3,mid|high|neg
2025-12-05,50530.33984,50634.85156,50215.41016,50491.87109,119300000,-0.01051,0.00178,55.07770,279.69907,-11.28660,0.65204,0.52306,78.67846,81.53850,14.66108,1.34058,-0.45950,6.64397,0.10803,-0.44928,0.37259,,,15.78000,-1.86567,4,mid|high|neg
2025-12-08,50643.08984,50678.05078,50224.64844,50581.94141,104400000,0.00178,0.00145,55.56862,307.17189,12.94897,0.67222,0.76205,78.37061,85.68302,14.72422,4.02268,0.10892,6.37401,0.19366,0.02257,-0.51786,,,15.41000,-2.34474,0,up|high|pos
2025-12-09,50677.35938,50793.69141,50417.10938,50655.10156,107100000,0.00145,-0.00103,55.98933,331.03178,29.44709,0.69980,1.04920,79.40257,78.81721,14.89372,4.10111,0.78848,6.01222,-0.34773,0.12762,0.38476,,,16.66000,8.11162,1,up|high|pos
2025-12-10,50878.66016,51107.76953,50329.26953,50602.80078,125100000,-0.00103,-0.00897,55.58414,341.78084,32.15692,0.69039,1.01696,73.30762,77.02693,15.35317,2.10603,1.15516,5.70663,-0.08764,0.32445,0.50827,,,16.93000,1.62065,2,up|high|pos
2025-12-11,50818.39062,50875.98047,49926.26953,50148.82031,109900000,-0.00897,0.01371,52.06211,310.09257,0.37492,0.57259,0.11577,49.31045,67.34022,15.20917,-0.03644,0.80908,5.47755,0.67496,0.63782,1.47796,,,15.77000,-6.85174,3,up|high|pos
2025-12-12,50480.23047,51127.69141,50457.42188,50836.55078,152200000,0.01371,-0.01315,56.55333,336.59344,21.50063,0.80498,1.49255,84.54783,69.05530,15.33800,1.15939,0.95050,5.23121,0.20794,-0.66821,-1.78327,,,14.85000,-5.83386,4,up|high|pos
2025-12-15,50352.08984,50432.10156,49965.67969,50168.10938,121900000,-0.01315,-0.01564,51.50271,300.19745,-11.91628,0.59306,0.16670,40.26733,58.04187,14.77293,1.75410,0.79398,5.00562,-1.06636,-0.14314,-0.29523,,,15.74000,5.99326,0,up|high|neg
2025-12-16,50051.23828,50051.23828,49355.87109,49383.28906,124600000,-0.01564,0.00261,46.27702,205.65427,-85.16757,0.35318,-1.27978,1.54745,42.12087,13.94393,0.16194,0.40868,4.67294,-0.15966,0.20634,0.39834,,,16.50000,4.82846,1,up|low|neg
2025-12-17,49413.19141,49571.50000,49077.80859,49512.28125,113200000,0.00261,-0.01032,47.22483,139.52832,-121.03482,0.37542,-0.91648,21.19500,21.00326,13.49362,-0.70671,0.07917,4.35799,-0.23839,-0.56002,-1.27702,,,16.48000,-0.12121,2,up|low|neg
2025-12-18,49058.30859,49169.78906,48643.78125,49001.50000,116200000,-0.01032,0.01032,43.92049,45.38409,-172.14324,0.17600,-1.77654,14.40144,12.38129,13.55078,-3.97214,-0.21535,4.00699,-1.15921,-0.15289,0.39489,,,17.62000,6.91748,3,mid|low|neg
2025-12-19,49387.71094,49766.96094,49257.14844,49507.21094,163300000,0.01032,0.01808,47.81383,11.44877,-164.86284,0.36537,-0.62144,34.76091,23.45245,12.81640,-1.95014,-0.60686,3.66337,0.79343,0.46324,1.52056,,,16.87000,-4.25653,4,mid|low|neg
2025-12-22,50084.55078,50590.87891,49982.19922,50402.39062,112900000,0.01808,0.00021,53.91321,56.14116,-96.13637,0.66762,1.17340,70.80004,39.98746,12.59208,-0.35497,-0.51486,3.42982,0.88181,0.05852,-0.17339,,,14.91000,-11.61826,0,mid|high|neg
2025-12-23,50374.48047,50544.55859,50264.42188,50412.87109,92700000,0.00021,-0.00136,53.98103,91.35282,-48.73977,0.65417,1.18721,71.22197,58.92764,12.38378,-0.47820,-0.10866,3.20573,0.64365,1.34331,0.32160,,,14.08000,-5.56673,1,mid|high|neg
2025-12-24,50475.48047,50636.94922,50323.92188,50344.10156,83200000,-0.00136,0.00127,53.42551,112.41335,-22.14338,0.60874,0.91621,68.45337,70.15846,12.29386,-0.51123,0.09338,3.10235,0.45504,-0.50673,0.10110,,,14.00000,-0.56818,2,up|high|neg
2025-12-25,50450.17969,50510.10938,50283.76172,50407.78906,58300000,0.00127,0.00680,53.89867,132.71320,-1.47483,0.63071,0.89259,88.50272,76.05936,12.15120,0.51640,0.50646,3.03471,0.32215,-0.44685,-0.02537,,,13.47000,-3.78571,3,up|high|neg
2025-12-26,50527.12891,50941.89062,50527.12891,50750.39062,81100000,0.00680,-0.00440,56.46114,174.43527,32.19779,0.76289,1.50303,91.66706,82.87438,12.52773,-0.16948,0.92925,2.89239,0.32215,-0.44685,-0.05003,,,13.47000,0.00000,4,up|high|pos
2025-12-29,50691.21875,50707.23047,50347.64844,50526.92188,98000000,-0.00440,-0.00371,54.33950,187.30907,36.05727,0.64802,0.90262,81.94304,87.37094,12.58934,0.71522,0.82572,2.85462,-0.03044,-0.05507,-0.25120,,,13.60000,0.96511,0,up|high|pos
2025-12-30,50312.85156,50534.64062,50198.96875,50339.48047,93700000,-0.00371,0.02966,52.55558,180.30821,23.24513,0.54387,0.39358,73.78671,82.46560,12.40581,1.93627,0.66133,2.79894,-0.34921,0.23897,0.40827,,,14.20000,4.41176,1,up|high|pos
2026-01-05,51010.28125,52033.23828,50995.67188,51832.80078,139400000,0.02966,0.01322,62.98218,291.89368,107.86448,1.10400,3.18459,92.77986,82.83654,13.80324,4.68676,1.07179,2.76082,0.18947,0.20331,0.52515,,,14.51000,2.18310,0,up|high|pos
2026-01-06,52157.21875,52523.76953,52024.62109,52518.07812,151900000,0.01322,-0.01059,66.60870,430.65777,197.30286,1.18521,4.35343,99.77607,88.78088,15.48563,7.17647,1.72156,2.72496,0.63541,0.16461,-0.91031,,,14.90000,2.68780,1,up|high|pos
2026-01-07,52144.64062,52404.10938,51830.39844,51961.98047,138600000,-0.01059,-0.01626,61.35575,490.10723,205.40185,0.93895,3.10849,75.83496,89.46363,16.72740,4.95841,2.06449,2.66342,0.61967,-0.23122,0.01543,,,14.75000,-1.00671,2,up|high|pos
2026-01-08,51769.82812,51866.19141,51052.82812,51117.26172,135400000,-0.01626,0.01609,54.34481,463.71420,143.20706,0.67595,1.28647,39.49986,71.70363,16.70900,1.41833,2.15169,2.63797,-0.34399,0.03447,0.96589,,,15.38000,4.27119,3,up|high|pos
2026-01-09,51367.98047,51986.91016,51189.14062,51939.89062,133100000,0.01609,0.03098,59.23057,503.37423,146.29367,0.87565,2.70187,74.88478,63.40653,16.81256,3.02903,2.57159,2.65343,0.00765,0.03256,3.23472,,,15.45000,0.45513,4,up|high|pos
2026-01-13,52808.28906,53814.78906,52741.64062,53549.16016,168500000,0.03098,0.01479,66.73107,657.08522,240.00373,1.13491,5.57625,92.65370,69.01278,18.35824,6.36630,2.95033,2.72334,0.15776,0.80890,0.74855,,,15.12000,-2.13592,1,up|high|pos
2026-01-14,53827.23828,54487.32031,53792.67969,54341.23047,144500000,0.01479,-0.00425,69.68706,833.21100,332.90361,1.12988,6.85870,96.59333,88.04394,20.18681,7.80324,3.39909,2.73384,-0.19391,-0.10307,-0.62794,,,15.98000,5.68783,2,up|high|pos
2026-01-15,54039.39844,54153.60938,53709.87109,54110.50000,150900000,-0.00425,-0.00322,67.79732,943.30016,354.39421,0.99587,6.10298,91.21293,93.48666,21.76421,6.62085,3.94821,2.78768,-0.53334,0.75514,-0.26889,,,16.75000,4.81853,3,up|high|pos
2026-01-16,54071.28125,54130.60156,53706.78906,53936.17188,144300000,-0.00322,-0.00654,66.33369,1004.89597,332.79202,0.90837,5.48363,84.21524,90.67383,23.22418,6.74739,4.77805,2.82858,0.25799,-0.48813,-0.49349,,,15.84000,-5.43283,4,up|high|pos
2026-01-19,53390.05078,53583.57031,53091.44922,53583.57031,122900000,-0.00654,-0.01106,63.35449,1013.57523,273.17702,0.81925,4.55452,73.68607,83.03808,23.64818,6.44442,5.18000,2.84826,-0.06423,0.12247,0.16130,,,15.86000,0.12626,0,up|high|pos
2026-01-20,53348.58984,53408.35156,52852.89844,52991.10156,126800000,-0.01106,-0.00408,58.59267,961.56204,176.93107,0.70621,3.20609,56.43552,71.44561,23.70165,2.23469,4.76693,2.82987,-0.06423,-0.66899,-1.69104,,,15.86000,0.00000,1,up|high|pos
2026-01-21,52228.07812,52848.78125,52194.80859,52774.64062,139000000,-0.00408,0.01732,56.90968,892.58545,86.36358,0.65300,2.57468,50.13296,60.08485,22.87384,0.48852,3.94408,2.82794,-2.06268,0.40753,0.89126,,,20.09000,26.67087,2,up|high|pos
2026-01-22,53327.39062,53922.53125,53242.37891,53688.89062,150900000,0.01732,0.00294,61.88888,901.30368,76.06545,0.78214,4.12075,75.79181,60.78676,23.03339,3.32341,3.55055,2.81606,1.15877,-0.00948,0.64466,,,16.90000,-15.87855,3,up|high|pos
2026-01-23,53898.44922,54050.83984,53603.67969,53846.87109,129500000,0.00294,-0.01786,62.69114,910.46536,68.18170,0.78054,4.12997,72.06343,65.99606,23.28143,5.33990,3.22135,2.85527,0.54875,0.18588,-1.84202,,,15.64000,-7.45562,4,up|high|pos
2026-01-26,53023.28125,53138.67188,52656.00000,52885.25000,138300000,-0.01786,0.00848,55.08935,830.55713,-9.38122,0.59391,1.99408,30.11725,59.32416,22.34323,1.82010,2.67314,2.91695,0.03269,0.02841,-0.63392,,,16.09000,2.87724,0,up|high|neg
2026-01-27,52847.53906,53334.03125,52637.66016,53333.53906,136700000,0.00848,0.00047,57.66646,794.24688,-36.55318,0.65643,2.55633,58.13406,53.43825,21.65115,-0.40266,2.50306,3.01412,0.50061,-2.10409,-0.88788,,,16.15000,0.37290,1,up|high|neg
2026-01-28,53023.87891,53507.17969,52788.10156,53358.71094,149800000,0.00047,0.00032,57.81285,758.75544,-57.63569,0.64202,2.26201,60.12535,49.45889,21.17039,-1.80806,2.38455,3.21178,0.40819,-0.53491,0.59276,,,16.35000,1.23839,2,up|high|neg
2026-01-29,53301.26172,53742.69141,52990.42188,53375.60156,154500000,0.00032,-0.00099,57.91800,723.64937,-74.19341,0.62626,1.99192,63.61924,60.62622,20.94647,-1.35814,1.96210,3.36996,-0.00817,-1.22006,-0.17911,,,16.35000,0.00000,3,up|high|neg
2026-01-30,53434.73047,53590.23828,52923.12109,53322.85156,156800000,-0.00099,-0.01252,57.43650,683.68992,-91.32228,0.59412,1.66419,60.77715,61.50725,20.64461,-1.13712,1.53519,3.44846,-0.12926,0.42176,0.28533,,,16.88000,3.24158,4,up|high|neg
2026-02-02,53575.37109,54247.14844,52655.17969,52655.17969,153800000,-0.01252,0.03923,51.59020,591.32975,-146.94596,0.37883,0.21984,22.43152,48.94264,20.98798,-1.73260,1.27427,3.51444,-0.43019,0.04312,2.23116,,,17.44000,3.31754,0,up|high|neg
2026-02-03,53332.17969,54782.82812,53307.73828,54720.66016,156900000,0.03923,-0.00781,63.84917,676.99667,-49.02324,0.94563,3.80523,97.10195,60.10354,21.75577,3.26387,1.46422,3.67873,0.53913,1.33192,-1.27129,,,16.34000,-6.30734,1,up|high|neg
2026-02-04,54250.41016,54459.41016,53965.51172,54293.35938,186300000,-0.00781,-0.00875,60.43930,702.31289,-18.96562,0.78873,2.69187,77.18273,65.57207,22.46872,2.87774,1.51951,3.78177,-0.84040,0.15528,0.22404,,,18.00000,10.15912,2,up|high|neg
2026-02-05,54289.05078,54459.07812,53653.05859,53818.03906,213200000,-0.00875,0.00809,56.80512,676.22668,-36.04146,0.63283,1.55713,55.02501,76.43656,22.62302,0.24055,1.45142,3.85559,-0.50724,0.22902,-0.07068,,,18.64000,3.55555,3,up|high|neg
2026-02-06,53435.37109,54253.67969,52950.14844,54253.67969,188900000,0.00809,0.03890,59.22507,682.83443,-23.54696,0.77250,2.09202,75.33301,69.18025,21.73716,0.75549,1.51715,3.98536,-1.22510,0.71760,3.98373,,,21.77000,16.79185,4,up|high|neg
2026-02-09,55130.62891,57337.07031,55018.57031,56363.94141,205000000,0.03890,0.02283,68.44678,848.56983,113.75075,1.30602,5.58423,79.21504,69.85769,23.17974,6.57781,2.44838,4.21811,1.96958,-0.08477,1.25268,,,20.37000,-6.43087,0,up|high|pos
2026-02-10,56812.01172,57960.19141,56812.01172,57650.53906,191500000,0.02283,-0.00019,72.52644,1071.38376,269.25174,1.28867,7.52562,94.16302,82.90369,24.81535,8.09434,3.09664,4.44229,0.46911,0.29340,0.32864,,,17.36000,-14.77663,1,up|hot|pos
2026-02-12,57864.73828,58015.07812,57554.48828,57639.83984,190000000,-0.00019,-0.01211,72.44256,1232.89007,344.60644,1.11957,7.09644,92.99915,88.79241,26.36004,8.02330,3.94777,4.61520,-0.00490,-1.05680,-1.68953,,,17.65000,1.67050,3,up|hot|pos
2026-02-13,57197.32812,57407.25000,56652.48047,56941.96875,210000000,-0.01211,-0.00238,66.99941,1289.70570,321.13766,0.93264,5.40964,79.97892,89.04703,26.68169,6.68164,4.72105,4.79506,-1.56610,-0.78520,1.15562,,,20.82000,17.96034,4,up|high|pos
2026-02-16,57212.96875,57219.19922,56748.17969,56806.41016,137400000,-0.00238,-0.00422,65.96262,1308.70808,272.11203,0.86544,4.71756,76.13653,83.03820,26.98037,6.53296,5.22289,5.01474,0.04991,-0.29230,1.39701,,,20.60000,-1.05667,0,up|high|pos
2026-02-17,56819.37109,56926.23828,56135.12109,56566.48828,132600000,-0.00422,0.01021,64.07279,1289.54287,202.35745,0.79647,3.92076,71.39961,75.83835,26.53456,7.42816,4.93957,5.17572,0.04991,-0.02748,0.91664,,,20.60000,0.00000,1,up|high|pos
2026-02-18,56734.26953,57392.89062,56734.26953,57143.83984,130100000,0.01021,0.00567,66.55591,1305.88827,174.96229,0.84142,4.70485,82.79861,76.77825,26.45823,4.42827,4.47741,5.27370,0.10313,0.54326,0.71952,,,20.29000,-1.50485,2,up|high|pos
2026-02-19,57472.07812,57709.82031,57362.01172,57467.82812,135500000,0.00567,-0.01117,67.89681,1329.65780,158.98545,0.84806,5.05775,89.19531,81.13118,26.60986,5.84688,4.17565,5.31859,0.55661,-0.29946,-0.76187,,,19.62000,-3.30212,3,up|high|pos
2026-02-20,56979.73828,56979.73828,56680.87891,56825.69922,152400000,-0.01117,0.00872,62.54447,1281.90390,88.98524,0.73306,3.67802,60.30783,77.43392,25.94059,5.58857,3.92679,5.37842,-0.28221,1.00816,0.56190,,,20.23000,3.10907,4,up|high|pos
2026-02-24,56764.14062,57421.67188,56732.92969,57321.08984,157800000,0.00872,0.02202,64.84681,1269.39963,61.18477,0.77323,4.32414,63.08489,70.86268,25.66228,5.65383,3.85804,5.47663,-1.03857,-0.52913,1.10589,,,21.01000,3.85566,1,up|high|pos
2026-02-25,57695.39844,58875.17188,57656.50000,58583.12109,167100000,0.02202,0.00291,69.91957,1345.81159,110.07739,0.89912,6.23437,89.34141,70.91138,26.35351,3.93723,4.21279,5.69357,0.76516,0.19178,1.87235,,,19.55000,-6.94908,2,up|high|pos
2026-02-26,58995.39062,59332.42969,58577.83984,58753.39062,155300000,0.00291,0.00165,70.53731,1403.92439,134.55215,0.87714,6.09967,81.88980,78.10536,27.24766,1.91299,4.36034,5.93889,0.81364,0.80513,-0.06534,,,17.93000,-8.28644,3,up|hot|pos
2026-02-27,58606.03125,58924.17188,58130.57031,58850.26953,192400000,0.00165,-0.01348,70.90344,1441.18345,137.44897,0.85173,5.81025,84.91981,85.38367,27.53822,2.09999,4.40146,6.16989,-0.53656,0.20528,-0.28083,,,18.63000,3.90406,4,up|hot|pos
2026-03-02,57976.19922,58365.21094,57285.76953,58057.23828,162400000,-0.01348,-0.03063,63.90289,1390.68953,69.56404,0.72546,4.05751,60.11672,75.64211,26.87338,1.95861,4.51596,6.30933,-0.43394,-0.21831,-0.63255,,,19.86000,6.60226,0,up|high|pos
2026-03-03,57729.80078,57890.76172,56091.53906,56279.05078,179000000,-0.03063,-0.03613,51.60048,1193.43074,-102.15580,0.46011,0.69483,5.78581,50.27411,25.14368,-0.92834,3.96114,6.33255,0.03984,0.49660,-1.67745,,,21.44000,7.95569,1,up|high|neg
2026-03-04,55470.87891,55701.26953,53618.19922,54245.53906,214000000,-0.03613,0.01903,41.71099,863.06544,-346.01688,0.11335,-3.03793,10.97855,25.62703,24.82291,-4.10305,2.30938,6.34613,-0.94440,0.39839,3.91638,,,23.57000,9.93470,2,up|low|neg
2026-03-05,55204.16016,56619.98047,54910.32812,55278.05859,184900000,0.01903,0.00620,47.24016,676.76296,-425.85549,0.27188,-1.32952,29.04782,15.27073,23.80744,-3.26506,0.92665,6.37441,0.77560,0.32812,-1.20854,,,21.15000,-10.26729,3,up|low|neg
2026-03-06,54674.60156,55686.55859,54513.42969,55620.83984,142800000,0.00620,-0.05200,48.97076,550.43145,-441.74960,0.30766,-0.87776,35.04655,25.02431,23.10265,-3.21395,-0.38714,6.42343,-0.56467,-0.50072,-2.88712,,,23.75000,12.29315,4,mid|low|neg
2026-03-09,54608.62891,54608.62891,51407.66016,52728.71875,219400000,-0.05200,0.02882,37.72665,214.47053,-622.16841,-0.13237,-5.98848,16.66999,26.92145,23.91819,-7.20973,-2.24126,6.33545,-1.32768,0.35099,3.67216,,,29.49000,24.16842,0,mid|low|neg
2026-03-10,53524.08984,54694.89062,53487.19141,54248.39062,162500000,0.02882,0.01432,44.88738,70.03657,-613.28190,0.11167,-3.34281,35.84622,29.18759,24.60723,-5.36050,-3.02937,6.30159,0.83042,0.56687,1.16429,,,25.50000,-13.53001,1,mid|low|neg
2026-03-11,54917.92969,55745.37891,54882.57812,55025.37109,146900000,0.01432,-0.01040,48.16901,18.05926,-532.20736,0.25339,-2.12376,48.13018,33.54880,24.43418,-6.07299,-2.91547,6.35489,-0.21351,-0.36546,-0.45501,,,24.93000,-2.23529,2,mid|low|neg
2026-03-12,54387.89844,54733.07812,53796.01172,54452.96094,154100000,-0.01040,-0.01163,45.99610,-68.53185,-495.03878,0.19762,-3.12348,43.76972,42.58204,24.75529,-7.31946,-3.19056,6.18063,-0.08376,0.16851,-1.21749,,,24.23000,-2.80787,3,mid|low|neg
2026-03-13,53587.30078,54065.30859,53286.69141,53819.60938,169000000,-0.01163,-0.00127,43.64983,-186.11667,-490.09888,0.14549,-4.21798,37.20363,43.03451,25.26629,-8.54824,-3.79904,6.00381,-1.52277,0.60779,-0.95617,,,27.29000,12.62898,4,mid|low|neg
2026-03-16,53627.85938,53983.51172,53113.94922,53751.14844,128800000,-0.00127,-0.00094,43.39217,-281.58181,-468.45122,0.17309,-4.33526,44.96056,41.97797,25.81414,-7.41697,-3.43052,5.89415,-0.60591,0.08235,1.51411,,,27.19000,-0.36644,0,mid|low|neg
2026-03-17,54286.26172,54388.42969,53482.58984,53700.39062,117800000,-0.00094,0.02866,43.18861,-357.21658,-435.26879,0.19861,-4.38794,43.98675,42.05031,25.97461,-4.58192,-3.58760,5.71763,1.01309,0.22738,1.14452,,,23.51000,-13.53439,1,mid|low|neg
2026-03-18,54148.83984,55239.39844,54148.83984,55239.39844,136700000,0.02866,-0.03380,50.73490,-289.63390,-294.14889,0.41504,-1.56894,88.33533,59.09421,25.42255,1.83215,-3.43405,5.45882,0.24943,-0.29016,-2.90445,,,22.37000,-4.84900,2,mid|high|neg
2026-03-19,54287.80078,54333.01953,53190.17969,53372.53125,200600000,-0.03380,-0.03479,43.23301,-382.30771,-309.45816,0.19724,-4.60463,45.29734,59.20647,25.40672,-3.44717,-3.52492,5.03689,-1.36076,-0.13575,-0.44504,,,25.09000,12.15914,3,mid|low|neg
2026-03-23,52468.71875,52479.80859,50688.76172,51515.48828,177100000,-0.03479,0.01430,37.32129,-598.69879,-420.67939,0.03111,-7.51889,16.34940,49.99402,26.42282,-7.38096,-3.92792,4.54170,-1.51382,-1.17088,3.43491,,,26.78000,6.73575,0,mid|low|neg
2026-03-24,52380.60156,52701.98828,51645.14844,52252.28125,131800000,0.01430,0.02866,40.78121,-702.63768,-419.69462,0.16120,-5.87923,30.92027,30.85567,27.18562,-0.90356,-4.14327,4.13757,1.14532,0.82951,0.75158,,,26.15000,-2.35251,1,mid|low|neg
2026-03-25,53015.80078,54022.87891,53015.80078,53749.62109,133700000,0.02866,-0.00272,47.16433,-656.61810,-298.94004,0.35413,-2.96840,67.26222,38.17730,26.87590,-0.91942,-3.91391,3.79279,-0.37426,-0.47414,0.27978,,,26.95000,3.05928,2,mid|low|neg
2026-03-26,53855.12891,54175.80078,53176.76953,53603.64844,124500000,-0.00272,-0.00430,46.63657,-624.72459,-213.63722,0.35592,-3.02444,64.05448,54.07899,26.47602,-2.58376,-4.29975,3.45958,0.54191,0.15081,-2.06823,,,25.33000,-6.01113,3,mid|low|neg
2026-03-27,53239.58984,53714.89844,52516.92188,53373.07031,170500000,-0.00430,-0.02786,45.76542,-611.01113,-159.93900,0.34363,-3.17738,58.98754,63.43475,26.42027,-1.98316,-4.03770,3.08701,-1.74062,0.41961,-3.34077,,,27.44000,8.33005,4,mid|low|neg
2026-03-30,52054.67969,52054.67969,50566.98828,51885.85156,183100000,-0.02786,-0.01585,40.50935,-711.94240,-208.69622,0.12970,-5.49251,28.22662,50.42288,27.17277,-3.59304,-3.51251,2.64751,-1.67218,0.20077,-1.51458,,,31.05000,13.15597,0,mid|low|neg
2026-03-31,51382.53125,52169.01172,50558.91016,51063.71875,174500000,-0.01585,0.05240,37.91692,-848.48955,-276.19470,-0.00008,-6.59787,10.78538,32.66651,27.77880,-4.99976,-3.54055,2.20202,-0.39457,0.33186,3.55689,,,30.61000,-1.41706,1,mid|low|neg
2026-04-01,51959.46875,53739.67969,51902.83984,53739.67969,165900000,0.05240,-0.02375,49.29194,-732.33457,-128.03177,0.52183,-1.44495,84.27868,41.09689,27.14993,0.07316,-3.29078,1.85405,2.91311,-0.24526,0.67049,,,25.25000,-17.51062,2,mid|low|neg
2026-04-02,54066.82812,54258.48047,52273.07031,52463.26953,163200000,-0.02375,0.01258,45.05175,-734.80616,-104.40269,0.28122,-3.35191,51.47515,48.84640,26.20980,-5.02563,-3.27482,1.35115,0.71685,-0.78954,1.58536,,,24.54000,-2.81188,3,mid|low|neg
2026-04-03,53039.39844,53426.30859,52925.10156,53123.48828,104100000,0.01258,0.00546,47.56432,-675.70170,-36.23859,0.43321,-1.72797,69.32097,68.35827,25.33683,-0.46661,-2.96422,0.86739,0.11209,0.06874,0.32285,,,23.87000,-2.73024,4,mid|low|neg
2026-04-06,53205.92969,54039.33984,53205.92969,53413.67969,102500000,0.00546,0.00030,48.67522,-598.54532,32.73424,0.52067,-0.79205,77.16489,65.98701,24.08398,3.68470,-2.00474,0.38009,0.11209,0.50602,0.90112,,,23.87000,0.00000,0,mid|low|pos
2026-04-07,53571.28125,53916.35156,53156.94141,53429.55859,118800000,0.00030,0.05388,48.73922,-530.00743,81.01770,0.51628,-0.42020,77.59410,74.69332,22.95125,2.25306,-0.78479,-0.02947,0.44268,0.18120,0.68397,,,24.17000,1.25680,1,down|low|pos
2026-04-08,54386.64844,56424.62891,54380.01953,56308.42188,186700000,0.05388,-0.00734,58.77538,-240.61678,296.32668,1.08297,4.94301,98.01888,84.25929,22.30261,4.76059,0.17052,-0.17955,0.07592,-0.06071,1.00620,,,25.78000,6.66115,2,mid|high|pos
2026-04-09,56199.85938,56406.48828,55763.05078,55895.32031,154700000,-0.00734,0.01841,57.04933,-44.09811,394.27628,0.96336,4.04514,90.97624,88.86307,21.70030,4.27522,1.32518,-0.21796,2.50814,-0.60557,1.09433,,,21.04000,-18.38634,3,mid|high|pos
2026-04-10,56265.76953,57012.76953,56251.17969,56924.10938,165000000,0.01841,-0.00740,60.18519,192.44069,504.65207,1.05715,5.83046,98.62625,95.87379,21.47407,6.65324,2.61433,-0.27871,0.61700,-0.04663,0.73939,,,19.49000,-7.36693,4,mid|high|pos
2026-04-13,56421.46094,56765.71875,56232.78125,56502.76953,135300000,-0.00740,0.02433,58.30759,341.95891,523.33622,0.92641,4.97827,90.01943,93.20730,21.24904,8.89822,3.69494,-0.39800,-0.11385,0.29627,1.87111,,,19.23000,-1.33402,0,mid|high|pos
2026-04-14,57085.64844,57979.82031,57010.17969,57877.39062,143700000,0.02433,0.00444,62.42605,564.86222,596.99163,1.03122,7.12233,98.20511,95.61693,21.69064,13.34347,4.94613,-0.22295,1.01733,0.35698,1.57680,,,19.12000,-0.57202,1,mid|high|pos
2026-04-15,58265.17969,58585.94922,58028.75000,58134.23828,161000000,0.00444,0.02381,63.15836,753.55367,628.54646,0.98119,7.28907,92.02044,93.41499,22.39388,8.17749,5.31900,-0.12605,1.17829,-0.29183,0.52596,,,18.36000,-3.97490,2,mid|high|pos
2026-04-16,58479.82812,59688.10156,58428.19141,59518.33984,150300000,0.02381,-0.01751,66.90194,1003.21400,702.56543,1.04437,9.48036,97.40074,95.87543,23.53453,13.44764,6.30370,-0.01852,0.79758,-0.26505,-0.66927,,,18.17000,-1.03486,3,mid|high|pos
2026-04-17,59255.08984,59381.25000,58475.89844,58475.89844,140000000,-0.01751,0.00597,61.80792,1104.22646,642.86232,0.88231,7.24541,81.43970,90.28696,24.59371,10.07541,6.55917,0.07786,0.26100,0.01070,1.87958,,,17.94000,-1.26582,4,up|high|pos
2026-04-20,58821.16016,59169.12891,58687.96094,58824.89062,121500000,0.00597,0.00891,62.82835,1198.62334,589.80736,0.87359,7.49077,83.73780,87.52608,25.57723,10.13076,7.01797,0.23886,1.20405,0.24306,0.63767,,,17.48000,-2.56411,0,up|high|pos
2026-04-21,59031.51172,59611.91016,59004.76172,59349.17188,129500000,0.00891,0.00399,64.36855,1300.74449,553.54280,0.87808,8.00686,91.36496,85.51415,26.70029,11.07929,7.11756,0.43809,-0.23744,-0.02136,-1.50663,,,18.87000,7.95195,1,up|high|pos
2026-04-22,59104.10938,59708.21094,59005.48047,59585.85938,145700000,0.00399,-0.00748,65.07215,1384.81169,510.08800,0.85602,7.97500,96.47953,90.52743,27.78941,5.82051,7.18669,0.64619,-0.63482,-0.19917,0.42651,,,19.50000,3.33863,2,up|high|pos
2026-04-23,59758.64062,60013.98047,58621.48047,59140.23047,165300000,-0.00748,0.00974,62.56705,1399.34623,419.69804,0.78448,6.86532,76.89225,88.24558,28.34191,5.80533,6.74783,0.71522,1.04601,0.33304,-0.38930,,,18.92000,-2.97436,3,up|high|pos
2026-04-24,59407.44141,59763.67969,59225.37109,59716.17969,141400000,0.00974,0.01375,64.47081,1440.73139,368.86656,0.80231,7.41354,90.08587,87.81922,28.85494,4.90490,6.70680,0.98384,-0.41329,0.07216,0.59250,,,19.31000,2.06131,4,up|high|pos
2026-04-27,59880.71094,60903.94922,59608.62891,60537.35938,148900000,0.01375,-0.01024,67.04432,1522.24429,360.30356,0.84139,8.18836,87.24993,84.74268,29.95229,7.14052,6.63069,1.44232,0.79737,0.16239,-0.70594,,,18.71000,-3.10720,0,up|high|pos
2026-04-28,60531.78125,60634.66016,59701.83984,59917.46094,174500000,-0.01024,-0.01056,63.31593,1519.30956,285.89507,0.76941,6.49697,60.15409,79.16330,30.97125,3.52481,6.25161,1.80241,0.12324,-0.10704,-1.39769,,,18.02000,-3.68786,1,up|high|pos
2026-04-30,59484.71094,59560.57031,58928.19922,59284.92188,201600000,-0.01056,0.00385,59.66953,1449.23725,172.65821,0.68718,4.95964,33.31987,60.24130,30.92935,1.97936,5.72855,2.00204,-0.03992,0.12237,0.93629,,,18.81000,4.38401,3,up|high|pos
2026-05-01,59379.12109,59706.69922,59263.50000,59513.12109,150700000,0.00385,0.05580,60.55218,1396.02570,95.55732,0.69328,4.92455,39.06475,44.17957,30.98561,-0.00877,5.41942,2.24247,1.02382,0.39611,-0.09766,,,16.89000,-10.20734,4,up|high|pos
2026-05-07,60241.30859,63091.14062,60213.01953,62833.83984,230800000,0.05580,-0.00191,70.62641,1603.32725,242.28710,1.01015,10.04493,94.24339,55.54267,32.61375,7.45254,5.81276,2.69546,1.45883,0.30726,-1.37957,,,17.39000,2.96033,3,up|hot|pos
2026-05-08,62654.01172,62724.35938,62137.94922,62713.64844,213500000,-0.00191,-0.00472,69.93029,1737.88354,301.47471,0.96363,9.00757,91.55434,74.95416,34.12560,6.61074,5.77273,3.26710,-0.38031,-0.74139,1.51698,,,17.08000,-1.78263,4,up|high|pos
2026-05-11,63203.44141,63385.03906,62380.62109,62417.87891,202300000,-0.00472,0.00520,68.15019,1799.90604,290.79777,0.92129,7.64370,79.69669,88.49814,35.75450,5.17060,5.80670,3.87579,0.84257,0.20510,0.82848,,,17.19000,0.64403,0,up|high|pos
2026-05-12,62618.71875,63218.51172,62158.42969,62742.57031,189200000,0.00520,0.00844,69.08068,1853.88873,275.82437,0.91486,7.53581,85.58466,85.61190,36.99699,5.29775,6.33888,4.30151,0.18800,0.01850,-0.38661,,,18.38000,6.92262,1,up|high|pos
2026-05-13,62398.01953,63347.91016,62318.87109,63272.10938,181000000,0.00844,-0.00977,70.58977,1917.29836,271.38720,0.93947,7.64572,97.46615,87.58250,38.20054,6.98658,6.83573,4.83232,-0.16026,0.23780,0.23374,,,17.99000,-2.12187,2,up|hot|pos
2026-05-14,63263.46094,63799.32031,62654.05078,62654.05078,207700000,-0.00977,-0.01987,66.50953,1895.82489,199.93098,0.82833,5.90732,76.48858,86.51313,39.49272,4.91972,6.08650,5.27034,0.58492,0.27984,0.62398,,,17.87000,-0.66703,3,up|high|pos
2026-05-15,62878.71094,63235.76953,60937.30078,61409.28906,213900000,-0.01987,-0.00966,59.10028,1758.09887,49.76397,0.64658,3.24508,50.93468,74.96314,38.70273,1.44032,5.07747,5.62306,0.76556,0.11416,0.67695,,,17.26000,-3.41355,4,up|high|pos
2026-05-18,61299.87109,61478.55078,60376.98047,60815.94922,168100000,-0.00966,-0.00436,55.90337,1582.82661,-100.40663,0.54188,1.74213,34.22643,53.88323,37.42830,1.49954,4.02210,5.96891,-1.23633,0.33640,1.19878,,,18.43000,6.77868,0,up|high|neg
2026-05-19,61202.83984,61456.30859,60256.32812,60550.58984,175800000,-0.00436,-0.01232,54.48391,1406.29885,-221.54751,0.48157,1.01144,9.41277,31.52463,36.12847,2.13489,2.99630,6.10160,-0.07357,0.29169,0.19721,,,17.82000,-3.30982,1,up|high|neg
2026-05-20,60567.26953,60567.26953,59292.25000,59804.41016,182500000,-0.01232,0.03143,50.59367,1192.44313,-348.32259,0.35674,-0.49291,11.36348,18.33423,34.03584,0.48945,1.57437,6.20494,-0.66783,0.01070,2.87703,,,18.06000,1.34680,2,up|high|neg
2026-05-21,60374.83984,62043.53125,60282.35156,61684.14062,166600000,0.03143,0.02683,58.61100,1161.25326,-303.60997,0.64569,2.31061,53.06974,24.61533,33.06686,-1.82975,0.93185,6.33219,1.07920,0.10954,0.82008,,,17.44000,-3.43300,3,up|high|neg
2026-05-22,61913.35938,63432.41016,61842.55859,63339.07031,158800000,0.02683,0.02872,64.12986,1255.60028,-167.41036,0.88651,4.58118,89.78827,51.40716,32.90081,0.99727,1.11340,6.56437,0.17153,-0.09243,-0.00643,,,16.76000,-3.89908,4,up|high|neg
2026-05-25,63658.94922,65408.87109,63562.51172,65158.19141,161100000,0.02872,-0.00249,69.01991,1460.32513,29.85159,1.07115,7.06993,95.90166,79.58656,33.56402,4.39027,2.05658,6.78163,0.37270,0.08182,-2.79810,,,16.70000,-0.35799,0,up|high|pos
2026-05-26,65247.23828,65317.69141,64605.69141,64996.08984,157200000,-0.00249,0.00005,68.12862,1591.14902,128.54039,0.97072,6.32401,93.25148,92.98047,34.17986,3.59169,3.05278,6.97110,0.37270,-0.04528,0.95992,,,16.59000,-0.65869,1,up|high|pos
2026-05-27,65777.86719,66428.81250,64999.41016,64999.41016,163500000,0.00005,-0.00471,68.13770,1675.77850,170.53589,0.91901,5.94945,79.97072,89.70795,35.15333,2.72996,4.37808,7.04644,0.61083,0.00503,0.30091,,,17.01000,2.53165,2,up|high|pos
2026-05-28,64770.76172,65165.75000,63875.03906,64693.12109,176600000,-0.00471,0.02529,66.26310,1698.55313,154.64842,0.83949,5.02447,75.67889,82.96703,35.04554,3.25449,4.93365,7.23158,0.01649,0.18181,1.62595,,,16.29000,-4.23280,3,up|high|pos
2026-05-29,65133.96875,66505.02344,65133.96875,66329.50000,295100000,0.02529,0.00912,70.87356,1827.57712,226.93793,0.97757,7.15879,97.56649,84.40537,35.46430,8.01216,5.39100,7.45396,0.57537,0.20409,-0.15755,,,15.74000,-3.37631,4,up|hot|pos
2026-06-01,66363.42969,67231.28125,66244.84375,66934.32812,189500000,0.00912,-0.00299,72.37621,1956.08560,284.35713,0.97755,7.60846,96.25958,89.83499,36.10676,10.06048,5.44801,7.65383,0.21723,-0.18675,0.54631,,,15.32000,-2.66836,0,up|hot|pos
2026-06-02,66629.60156,66748.06250,65551.13281,66734.24219,187700000,-0.00299,0.02499,71.06996,2018.51604,277.43005,0.91078,6.79586,92.84726,95.55778,36.10268,10.21237,5.52181,7.83813,0.26253,0.05211,1.20741,,,16.05000,4.76501,1,up|hot|pos
2026-06-03,67238.53125,68786.49219,67238.53125,68402.13281,170700000,0.02499,-0.01362,75.10363,2177.47685,349.11269,1.02515,8.81984,94.46482,94.52388,36.80944,14.37640,5.98255,8.17783,0.12921,0.17760,-0.23703,,,15.77000,-1.74454,2,up|hot|pos
2026-06-04,67860.84375,68051.93750,66920.79688,67470.68750,152700000,-0.01362,-0.01308,69.29311,2202.90091,299.62940,0.87431,6.81095,74.81222,87.37477,37.20035,9.38093,6.34155,8.46722,-0.73720,0.20797,0.45103,,,16.06000,1.83893,3,up|high|pos
2026-06-05,67115.00000,67115.00000,65862.21094,66588.11719,148100000,-0.01308,-0.03850,64.22295,2127.31130,179.23183,0.75696,5.01142,55.23983,74.83895,36.71305,5.12961,6.01723,8.66021,0.40550,-0.01750,-3.84921,,,15.40000,-4.10959,4,up|high|pos
2026-06-08,65947.56250,66115.17969,63406.66016,64024.60156,179500000,-0.03850,0.02174,52.26149,1839.34883,-86.98451,0.48919,0.70777,11.48626,47.17943,34.65067,-1.73975,4.82789,8.76572,-2.64454,0.03126,2.41376,,,21.51000,39.67533,0,up|high|neg
2026-06-09,64625.26172,65485.16016,63918.96094,65416.62891,168100000,0.02174,-0.01892,56.95028,1703.82088,-178.00997,0.61837,2.50192,37.36118,34.69575,32.73561,0.64702,4.01211,8.97130,0.29781,0.21063,-1.36300,,,18.92000,-12.04091,1,up|high|neg
2026-06-10,64952.37891,65098.85938,63733.03906,64179.26953,171300000,-0.01892,0.00059,52.05593,1479.51453,-321.85306,0.48660,0.26984,14.36122,21.06955,30.84216,-1.26177,2.38930,9.10091,-0.25764,-0.09543,-1.30770,,,19.87000,5.02115,2,up|high|neg
2026-06-11,63329.17188,64395.50000,62335.75000,64217.26953,171100000,0.00059,0.02807,52.19182,1289.94670,-409.13671,0.48224,0.24254,29.16749,26.96330,29.01349,-0.73555,1.28514,9.01997,-1.61995,0.13111,3.20433,,,22.22000,11.82687,3,up|high|neg
2026-06-12,65176.23047,67065.93750,64998.10938,66020.03906,190600000,0.02807,0.04995,58.23898,1270.53533,-342.83846,0.65125,2.84433,57.11419,33.54763,27.93338,-0.46655,0.89948,9.03346,1.75189,0.08915,1.56765,,,19.44000,-12.51125,4,up|high|neg
2026-06-15,66783.21875,69682.22656,66783.21875,69317.50000,168300000,0.04995,0.00126,66.56864,1503.89327,-87.58442,0.95272,7.51878,95.03535,60.43901,27.92031,3.56046,2.10952,9.19331,0.50255,-0.24730,0.35705,,,17.68000,-9.05350,0,up|high|neg
2026-06-16,69288.90625,70020.67969,69095.67188,69404.50000,153800000,0.00126,0.00717,66.75703,1676.52536,68.03813,0.92484,7.21059,91.98197,81.37717,28.02136,4.00133,2.92123,9.34627,1.65284,-0.10929,-0.44594,,,16.20000,-8.37104,1,up|high|pos
2026-06-17,69005.88281,70125.75000,68985.63281,69902.25000,144300000,0.00717,0.01647,67.87256,1832.37926,179.11363,0.96491,7.53892,97.13094,94.71609,28.04479,2.19309,4.26218,9.51505,-0.56842,0.17130,-0.28218,,,16.41000,1.29629,2,up|high|pos
2026-06-18,70163.71094,71398.57812,70092.93750,71053.49219,156700000,0.01647,0.00277,70.35074,2025.44219,297.74125,1.03792,8.74792,96.19229,95.10173,28.51023,5.31016,5.81863,9.77778,-1.21483,0.11858,1.12803,,,18.44000,12.37051,3,up|hot|pos
2026-06-19,71551.03125,71952.99219,70517.97656,71250.06250,214400000,0.00277,0.01549,70.76540,2169.30118,353.28019,0.98831,8.39574,92.69094,95.33806,29.12507,7.00117,6.77627,10.13321,1.08462,0.11283,0.84903,,,16.40000,-11.06291,4,up|hot|pos
2026-06-22,71067.14844,72831.72656,71009.52344,72353.96094,133200000,0.01549,-0.03546,73.04525,2345.35011,423.46330,1.01180,9.30766,95.44811,94.77711,29.97685,13.00962,6.94924,10.55339,1.08462,0.42901,0.58883,,,16.40000,0.00000,0,up|hot|pos
2026-06-23,72404.36719,72618.43750,69788.38281,69788.38281,172300000,-0.03546,-0.00879,61.11617,2251.89105,264.00338,0.73195,4.84647,71.00466,86.38124,29.90566,6.68294,6.47088,10.83710,-0.37051,0.08928,-1.18699,,,17.28000,5.36586,1,up|high|pos
2026-06-24,69615.07812,70218.71094,68461.10156,69174.96875,153900000,-0.00879,0.04613,58.64993,2104.07224,92.94766,0.65265,3.34297,53.31968,73.25748,29.00079,7.78398,5.65738,11.09300,-1.43628,0.08487,0.22411,,,19.49000,12.78935,2,up|high|pos
2026-06-25,70114.09375,72594.21875,69982.67188,72366.34375,151000000,0.04613,-0.04153,66.27495,2218.86437,166.19184,0.91874,7.42494,92.30582,72.21005,29.04306,12.68985,5.37698,11.38098,-0.09829,0.01794,-1.69463,,,18.63000,-4.41252,3,up|high|pos
2026-06-26,71587.71094,71786.28125,68639.84375,69360.88281,156900000,-0.04153,0.00155,55.83316,2043.76316,-7.12750,0.61344,2.59660,20.58702,55.40417,28.31116,5.06035,4.44264,11.44167,-0.00992,0.10149,0.35195,,,18.89000,1.39560,4,up|high|neg
2026-06-29,69609.88281,69609.88281,67997.57031,69468.10938,182400000,0.00155,0.00855,56.09891,1891.83853,-127.24170,0.61167,2.49384,30.41977,47.77087,27.28240,0.21727,3.32543,11.31631,-0.04717,0.02596,1.75173,,,18.41000,-2.54102,0,up|high|neg
2026-06-30,70085.60156,70667.00000,69302.18750,70062.32031,160500000,0.00855,0.00589,57.62071,1798.65130,-176.34315,0.65349,3.06240,42.71169,31.23949,26.74512,0.94781,3.09801,11.26383,1.17501,-0.01112,1.30267,,,17.65000,-4.12819,1,up|high|neg
2026-07-01,70774.28125,71962.34375,70126.14062,70474.96094,163400000,0.00589,-0.02472,58.69158,1738.06110,-189.54667,0.68112,3.33647,51.24763,41.45970,26.71800,0.81930,3.14814,11.24723,0.79202,0.08406,-1.17767,,,16.45000,-6.79886,2,up|high|neg
2026-07-02,70039.89062,70081.39062,68676.25781,68733.14844,169900000,-0.02472,0.01471,52.64445,1531.83519,-316.61807,0.50729,0.54423,15.21627,36.39186,25.87806,-3.26563,1.84136,11.16557,-0.21508,0.43539,-0.81933,,,16.59000,0.85106,3,up|high|neg
2026-07-03,68676.06250,69788.03125,67609.49219,69744.07031,159300000,0.01471,-0.00009,55.50956,1433.44870,-332.00365,0.59112,1.81959,42.61532,36.35974,24.55002,-2.11367,1.75018,11.00441,0.00014,-0.05473,-2.25692,,,16.15000,-2.65220,4,up|high|neg
2026-07-06,69973.34375,70384.59375,68904.40625,69737.68750,135400000,-0.00009,-0.02123,55.48673,1339.52051,-340.74547,0.56909,1.64388,42.69432,33.50864,23.57277,-3.61594,1.66246,10.80338,0.00014,-0.67061,0.49803,,,16.15000,0.00000,0,up|high|neg
2026-07-07,69460.07812,69957.50781,68003.92188,68256.96094,175000000,-0.02123,-0.02107,50.31738,1132.54421,-438.17741,0.38551,-0.60255,12.98905,32.76623,22.19724,-2.19438,1.04649,10.55521,0.72415,0.00185,-1.06504,,,15.57000,-3.59133,1,up|high|neg
2026-07-08,67704.15625,68432.67969,66819.04688,66819.04688,168900000,-0.02107,0.01384,45.85022,842.77142,-582.36017,0.16472,-2.60666,0.00000,18.56113,20.87934,-3.40574,0.07400,10.17940,-0.44551,0.39393,0.97420,,,16.13000,3.59666,2,up|low|neg
2026-07-09,67046.36719,68447.89062,67008.89062,67743.85156,136400000,0.01384,0.01201,48.98708,679.91081,-596.17662,0.20856,-1.27442,17.98078,10.32328,19.64766,-6.38763,-0.23028,9.85888,-0.28172,0.16967,1.46751,,,16.90000,4.77372,3,mid|low|neg
2026-07-10,68526.71875,69374.85938,68271.90625,68557.72656,154400000,0.01201,-0.01918,51.64205,609.48969,-533.27819,0.29199,-0.20291,33.80477,17.26185,18.46914,-1.15794,-0.69008,9.58634,0.81428,0.10840,0.68887,,,15.84000,-6.27219,4,mid|high|neg
2026-07-13,68410.63281,69078.21094,66653.10938,67242.72656,137100000,-0.01918,0.00745,47.35374,442.47042,-560.23797,0.09709,-2.30018,11.10550,20.96368,17.73266,-3.20346,-1.60083,9.44274,0.42088,-0.10828,0.15953,,,15.03000,-5.11364,0,mid|low|neg
2026-07-14,67002.93750,67800.17969,66268.60156,67743.50000,168500000,0.00745,0.01488,49.08757,346.52021,-524.95055,0.20883,-1.70551,35.83336,26.91455,17.22772,-3.30965,-1.88272,9.26655,-0.79270,-0.29871,0.59268,,,17.16000,14.17166,1,mid|low|neg
2026-07-15,67989.74219,68798.24219,67833.17188,68751.50781,147400000,0.01488,-0.02787,52.48008,347.80747,-418.93063,0.38669,-0.50694,60.32340,35.75409,16.19887,-2.44548,-1.58310,9.20682,0.37590,0.34038,-1.39853,,,16.50000,-3.84615,2,mid|high|neg
2026-07-16,67900.42969,68069.82031,66499.49219,66835.53906,148900000,-0.02787,-0.04031,46.18109,192.01158,-459.78122,0.11713,-3.42598,13.77402,36.64359,15.88567,-2.76084,-1.99452,9.06295,0.38191,-0.14899,-1.41472,,,15.67000,-5.03030,3,mid|low|neg
2026-07-17,66339.85156,66441.77344,62704.60156,64141.12109,194200000,-0.04031,0.03260,39.07768,-147.17822,-639.17681,-0.14175,-7.21852,19.80612,31.30118,16.98614,-8.03359,-3.16572,8.66469,-0.51014,-0.07090,1.30007,,,16.73000,6.76451,4,mid|low|neg
2026-07-21,64544.05078,66232.18750,64203.46875,66232.18750,164400000,0.03260,-0.00176,46.01743,-244.43926,-589.15028,0.16579,-4.02241,52.88530,28.82181,18.00800,-5.02669,-3.28542,8.12696,-0.19323,0.08375,1.43859,,,18.65000,11.47639,1,mid|low|neg
2026-07-22,66449.27344,67592.20312,65955.60156,66115.60156,155300000,-0.00176,0.00464,45.70483,-327.15559,-537.49329,0.18512,-4.00836,51.13745,41.27629,18.16832,-3.13720,-3.57339,7.64252,0.88564,-0.01538,0.46040,,,17.05000,-8.57909,2,mid|low|neg
2026-07-23,66421.00781,67022.36719,66208.65625,66422.60156,135300000,0.00464,-0.02727,46.73100,-363.74354,-459.26499,0.25233,-3.36736,55.73997,53.25424,18.31719,-0.59331,-4.05576,7.11342,-0.13637,0.43019,-1.52448,,,16.64000,-2.40469,3,mid|low|neg
2026-07-24,65584.25000,65720.81250,64201.03125,64611.14844,135400000,-0.02727,0.00495,41.72048,-532.76747,-502.63113,0.03401,-5.64897,29.91314,45.59686,19.17224,-4.62434,-4.34437,6.45776,-1.20897,-0.06435,-0.35001,,,18.70000,12.37982,4,mid|low|neg
2026-07-27,65164.98047,65220.69141,64123.39844,64931.19141,160800000,0.00495,-0.03952,42.88565,-633.59170,-482.76430,0.12776,-4.83035,36.53957,40.73089,19.99218,-5.28975,-3.75840,5.81222,0.04968,0.46051,-1.58043,,,18.58000,-0.64172,0,mid|low|neg
2026-07-28,64539.92188,64573.17969,61923.60156,62364.92188,187000000,-0.03952,-0.01492,36.57175,-910.08129,-607.40311,-0.08664,-8.05325,6.41954,24.29075,21.43339,-7.25403,-4.33178,4.99853,0.01619,-0.13490,0.16047,,,18.67000,0.48439,1,mid|low|neg
2026-07-29,62734.67969,63138.03906,60448.89844,61434.19141,264100000,-0.01492,0.00705,34.58311,-1190.57920,-710.32081,-0.07611,-8.97701,12.92879,18.62930,23.15694,-9.31353,-5.24534,4.37081,0.21043,0.09780,-0.44632,,,18.21000,-2.46385,2,mid|low|neg
2026-07-30,61258.33984,62924.83984,61049.69922,61867.42969,213700000,0.00705,0.04032,36.31895,-1362.21434,-705.56476,0.03229,-7.93640,19.85819,13.06884,24.75739,-10.01298,-6.18888,3.79099,-1.51613,0.05679,2.80854,,,20.66000,13.45415,3,mid|low|neg
2026-07-31,61957.10156,65364.73047,61948.23047,64362.01953,228400000,0.04032,-0.00943,45.31662,-1282.16389,-500.41145,0.30966,-3.76575,54.78026,29.18908,24.71015,-3.70090,-5.81428,3.13851,1.66044,-0.34419,-1.82098,,,17.09000,-17.27977,4,mid|low|neg
2026-08-03,63834.94922,63905.12109,62703.46875,63754.89844,202700000,-0.00943,0.00318,43.69837,-1253.26605,-377.21089,0.26918,-4.35283,46.28110,40.30652,24.66629,-0.60215,-5.85038,2.63965,0.70036,-1.90876,-0.52529,,,15.99000,-6.43651,0,mid|low|neg
2026-08-04,63995.28125,64240.50000,62864.42969,63957.53125,191800000,0.00318,0.03663,44.41186,-1200.17863,-259.29877,0.31068,-3.73049,53.37567,51.47901,24.42196,-3.43437,-5.05856,2.17269,1.47909,-1.62377,2.26317,,,15.86000,-0.81301,1,mid|low|neg
2026-08-05,64565.26953,66302.52344,64555.51953,66300.43750,202400000,0.03663,-0.00931,51.98801,-958.01016,-13.70424,0.59417,0.02263,99.96437,66.54038,23.05179,0.27956,-3.37476,1.77086,1.78962,-0.03363,-0.89055,,,16.50000,4.03531,2,mid|high|neg
2026-08-06,65896.00000,65983.13281,64942.07031,65683.25781,191500000,-0.00931,-0.00117,50.05277,-806.59324,110.17014,0.52773,-0.62111,89.42082,80.92028,21.77948,-1.11309,-1.93989,1.34867,-0.16765,0.10347,-0.19527,,,15.81000,-4.18182,3,mid|high|pos
2026-08-07,65746.13281,65990.71875,64651.48828,65606.71094,205400000,-0.00117,0.02078,49.80514,-684.87611,185.50981,0.53241,-0.54875,88.11314,92.49944,20.74101,1.54085,-1.37663,1.00965,-0.17595,-0.05834,0.93480,,,15.15000,-4.17458,4,mid|low|pos
2026-08-10,65905.10156,67006.84375,65848.57812,66970.21875,164400000,0.02078,0.00827,54.15601,-472.93898,317.95756,0.72267,1.68918,99.44152,92.32516,19.30666,3.14029,-0.23403,0.67235,0.61842,0.51332,-0.55281,,,14.90000,-1.65017,0,mid|high|pos
2026-08-12,66994.04688,67569.35938,66735.75781,67524.06250,170600000,0.00827,0.01162,55.83077,-257.32048,426.86085,0.79086,2.66819,99.30523,95.61996,18.27331,8.27250,0.98484,0.36976,-0.32129,0.80119,1.19356,,,15.28000,2.55034,2,up|high|pos
2026-08-13,68033.17188,68799.71094,68006.17188,68308.59375,169100000,0.01162,0.00593,58.16231,-22.87249,529.04707,0.88108,3.85778,92.83196,97.19290,17.92667,11.18986,1.59232,0.19507,0.26267,0.06848,1.10148,,,14.55000,-4.77748,3,up|high|pos
2026-08-14,68811.17188,69608.24219,68471.14844,68713.79688,170600000,0.00593,0.00737,59.35567,193.39638,596.25275,0.93352,4.35361,87.04599,93.06106,17.97576,11.06619,2.39586,0.11585,0.65161,0.03956,0.00175,,,14.63000,0.54983,4,up|high|pos
2026-08-17,68882.06250,69225.57031,68492.03906,69220.25000,142200000,0.00737,-0.02542,60.85845,401.03467,643.11284,0.94741,5.02855,94.24669,91.37488,18.02134,7.54829,3.40068,0.01295,-0.16964,0.06150,-0.19539,,,14.25000,-2.59740,0,up|high|pos
2026-08-18,68847.35156,69093.20312,67368.96094,67460.72656,151200000,-0.02542,-0.03164,53.46266,418.78321,528.68910,0.71802,2.42700,57.49785,79.59684,17.31709,5.81262,3.61852,-0.19346,-0.52275,-0.12732,-1.74283,,,15.19000,6.59649,1,mid|high|pos
2026-08-19,66812.27344,66833.50781,65133.98047,65326.42188,176600000,-0.03164,0.01363,46.13828,257.65838,294.05141,0.47423,-0.69798,13.61644,55.12033,16.72443,2.14031,3.07113,-0.41844,-0.68818,0.07348,0.96987,,,15.84000,4.27913,2,mid|low|pos
2026-08-20,65732.78906,66325.32031,65652.25000,66216.78906,158400000,0.01363,-0.00303,49.26118,199.51114,188.72334,0.57769,0.74898,31.57915,34.23115,16.17410,-0.12617,2.53037,-0.64988,0.21088,0.13180,-0.95412,,,14.89000,-5.99747,3,mid|low|pos
2026-08-21,65427.69141,66125.88281,65260.21875,66016.35938,160000000,-0.00303,-0.00740,48.57837,135.69186,99.92325,0.55681,0.61150,19.72122,21.63894,15.86651,0.50713,1.87912,-0.94509,-0.86689,-0.79850,-0.15354,,,16.01000,7.52183,4,mid|low|pos
2026-08-24,65978.95312,66257.72656,65470.94922,65528.08984,128200000,-0.00740,0.00501,46.87384,45.19438,7.54061,0.49419,-0.05298,8.80837,20.03625,15.49132,-0.11984,0.83409,-1.07769,0.43462,0.38350,-0.24889,,,15.13000,-5.49657,0,mid|low|pos
2026-08-25,65195.26172,65904.24219,64609.46875,65856.42969,131200000,0.00501,0.00616,48.19034,-0.03089,-30.14772,0.52747,0.34282,24.94534,17.82497,15.60975,-1.66311,0.23980,-1.03674,-0.28029,0.01322,0.30911,,,15.85000,4.75876,1,mid|low|neg
2026-08-26,65604.49219,66442.34375,65390.55078,66262.15625,129500000,0.00616,-0.00196,49.84432,-3.09779,-26.57170,0.55588,0.95916,33.06186,22.27186,15.32746,-1.86882,0.52311,-1.11136,0.31910,0.14789,-0.44091,,,15.45000,-2.52366,2,mid|low|neg
2026-08-27,66775.78125,66954.68750,65782.59375,66131.97656,133500000,-0.00196,0.00414,49.30049,-15.85003,-31.45915,0.51148,0.75981,32.98255,30.32991,14.69955,-3.18645,0.49626,-1.17766,-0.02057,0.05278,0.14822,,,15.21000,-1.55340,3,mid|low|neg
2026-08-28,66104.49219,66842.82031,66012.20312,66405.56250,147000000,0.00414,-0.00141,50.52227,-3.83596,-15.55606,0.52211,1.17770,40.05799,35.36746,14.11649,-3.35920,0.61591,-1.24081,0.72033,0.02010,-0.94203,,,14.51000,-4.60223,4,mid|high|neg
2026-08-31,65668.50781,66311.92969,64832.10156,66311.92969,185700000,-0.00141,-0.00146,50.07748,-1.84880,-10.85512,0.48777,0.93042,72.59284,48.54446,14.30372,-4.20155,0.75033,-1.21095,0.72033,0.04144,-0.63628,,,14.43000,-0.55134,0,mid|high|neg
2026-09-01,65885.46875,66525.70312,65576.60938,66215.34375,158600000,-0.00146,-0.02854,49.59247,-7.97569,-13.58561,0.44083,0.70468,68.47442,60.37508,14.30373,-1.84609,0.78080,-1.22888,-0.58013,0.50276,-2.03177,,,14.92000,3.39570,1,mid|low|neg
2026-09-02,65195.42969,65195.42969,64215.46875,64325.64062,172500000,-0.02854,-0.00173,41.18741,-163.43062,-135.23244,0.03111,-2.28586,4.02202,48.36309,15.06934,-1.53197,0.07239,-1.18053,-0.71128,-0.23420,0.63639,,,16.34000,9.51743,2,mid|low|neg
